0,2016-5-17 21:05:23:809337
0,2016-5-17 21:05:59:002350
0,2016-5-17 21:06:59:019782
0,2016-5-17 21:11:47:439279
0,2016-5-17 21:11:52:700580
0,2016-5-17 21:12:52:727013
0,2016-5-17 21:13:52:689443
0,2016-5-17 21:14:52:715876
0,2016-5-17 21:21:42:798332
0,2016-5-17 21:22:22:500602
0,2016-5-17 21:23:22:480033
0,2016-5-17 21:25:24:427008
0,2016-5-17 21:25:42:230026
0,2016-5-17 21:28:02:700061
0,2016-5-17 21:28:31:615715
0,2016-5-17 21:33:02:075184
0,2016-5-17 21:33:40:506382
0,2016-5-17 21:34:40:952840
0,2016-5-17 21:35:40:986273
0,2016-5-17 21:36:40:133656
0,2016-5-17 22:35:57:005098
0,2016-5-17 22:36:30:761028
0,2016-5-17 22:37:30:774461
0,2016-5-17 22:38:30:853897
0,2016-5-17 22:39:30:832328
0,2016-5-17 23:38:42:206455
0,2016-5-17 23:39:21:008674
0,2016-5-17 23:40:20:960103
0,2016-5-17 23:41:21:389560
0,2016-5-17 23:42:21:389991
0,2016-5-18 00:41:32:407098
0,2016-5-18 00:42:11:246320
0,2016-5-18 00:43:11:234751
0,2016-5-18 00:44:11:252183
0,2016-5-18 00:45:11:224614
0,2016-5-18 01:44:22:664744
0,2016-5-18 01:45:01:607972
0,2016-5-18 01:46:01:625405
0,2016-5-18 01:47:01:651838
0,2016-5-18 01:48:01:760276
0,2016-5-18 02:47:13:033397
0,2016-5-18 02:47:52:088631
0,2016-5-18 02:48:52:060061
0,2016-5-18 02:49:54:798650
0,2016-5-18 02:50:52:111928
0,2016-5-18 03:50:03:963082
0,2016-5-18 03:50:42:944312
0,2016-5-18 03:51:43:019748
0,2016-5-18 03:52:42:899173
0,2016-5-18 03:53:42:920606
0,2016-5-18 04:52:53:952713
0,2016-5-18 04:53:33:099952
0,2016-5-18 04:54:33:055381
0,2016-5-18 04:55:33:068814
0,2016-5-18 04:56:33:065246
0,2016-5-18 05:55:43:909342
0,2016-5-18 05:56:23:707619
0,2016-5-18 05:57:23:757053
0,2016-5-18 05:58:23:712483
0,2016-5-18 05:59:23:016875
0,2016-5-18 06:58:35:559068
0,2016-5-18 06:59:14:524297
0,2016-5-18 07:00:14:461725
0,2016-5-18 07:01:14:627166
0,2016-5-18 07:02:14:623598
0,2016-5-18 08:01:27:079787
0,2016-5-18 08:02:04:993956
0,2016-5-18 08:03:04:941384
0,2016-5-18 08:04:04:163772
0,2016-5-18 08:05:05:159260
0,2016-5-18 09:04:15:880350
0,2016-5-18 09:04:55:577621
0,2016-5-18 09:05:55:551051
0,2016-5-18 09:06:57:388588
0,2016-5-18 09:07:54:726867
0,2016-5-18 10:07:07:513075
0,2016-5-18 10:07:46:336296
0,2016-5-18 10:08:46:282724
0,2016-5-18 10:09:46:279156
0,2016-5-18 10:10:46:291588
0,2016-5-18 11:09:58:238748
0,2016-5-18 11:10:37:336985
0,2016-5-18 11:11:37:324416
0,2016-5-18 11:12:37:362850
0,2016-5-18 11:13:36:551235
0,2016-5-18 12:12:49:942477
0,2016-5-18 12:13:28:423678
0,2016-5-18 12:14:28:145094
0,2016-5-18 12:15:29:899626
0,2016-5-18 12:16:27:270908
0,2016-5-18 13:15:40:005113
0,2016-5-18 13:16:18:828333
0,2016-5-18 13:17:18:615753
0,2016-5-18 14:18:29:234700
0,2016-5-18 14:19:08:848966
0,2016-5-18 14:20:08:862399
0,2016-5-18 14:21:08:858830
0,2016-5-18 14:22:09:006270
0,2016-5-18 15:21:54:158329
0,2016-5-18 15:21:59:761650
0,2016-5-18 15:22:59:129046
0,2016-5-18 15:23:59:947524
0,2016-5-18 15:24:59:918954
0,2016-6-13 13:09:52:452419
0,2016-6-13 13:09:53:256465
0,2016-6-13 13:10:31:299641
0,2016-6-13 13:15:26:406520
0,2016-6-13 13:16:05:503756
0,2016-6-13 13:17:05:342179
0,2016-6-13 13:18:05:339610
0,2016-6-13 13:19:05:314041
9.25,2016-6-13 13:21:38:335793
9.57999992,2016-6-13 13:22:19:300136
9.60000038,2016-6-13 13:23:19:910603
9.64000034,2016-6-13 13:24:19:911035
9.67000008,2016-6-13 13:25:19:048417
9.36999989,2016-6-13 13:27:08:667687
9.69999981,2016-6-13 13:27:47:923932
9.71000004,2016-6-13 13:28:48:613404
9.72999954,2016-6-13 13:29:47:717784
9.72000027,2016-6-13 13:30:47:622211
9.72000027,2016-6-13 13:33:57:361063
9.72999954,2016-6-13 13:34:16:435154
9.68999958,2016-6-13 13:35:17:257633
9.67000008,2016-6-13 13:36:17:335069
9.65999985,2016-6-13 13:48:18:502317
9.65999985,2016-6-13 13:48:52:756277
9.67000008,2016-6-13 13:49:52:802711
9.63000011,2016-6-13 13:50:52:091102
9.60000038,2016-6-13 13:51:52:837577
9.56999969,2016-6-13 13:53:34:701403
9.61999989,2016-6-13 13:54:14:735693
9.60999966,2016-6-13 13:55:14:752126
9.63000011,2016-6-13 13:56:13:815504
9.61999989,2016-6-13 13:57:14:645983
9.60999966,2016-6-13 13:59:37:553157
9.60000038,2016-6-13 14:00:10:452039
9.60999966,2016-6-13 14:01:10:575478
9.57999992,2016-6-13 14:02:09:571852
9.56999969,2016-6-13 14:03:10:927361
9.55000019,2016-6-13 14:08:02:594044
9.56999969,2016-6-13 14:08:40:332202
9.56999969,2016-6-13 14:09:40:596649
9.56000042,2016-6-13 14:10:40:567079
9.51000023,2016-6-13 14:20:43:138544
9.52000046,2016-6-13 14:21:22:140775
9.51000023,2016-6-13 14:22:22:062202
9.53999996,2016-6-13 14:23:21:337593
9.56000042,2016-6-13 14:24:22:002063
9.52000046,2016-6-13 14:29:28:502593
9.52999973,2016-6-13 14:30:07:988852
9.52000046,2016-6-13 14:31:07:492255
9.28999996,2016-6-13 15:30:16:456244
9.31000042,2016-6-13 15:30:55:536480
9.30000019,2016-6-13 15:31:55:549912
9.31000042,2016-6-13 15:32:55:759356
9.31999969,2016-6-13 15:33:55:921797
9.26000023,2016-6-13 16:06:25:841326
9.26000023,2016-6-13 16:06:27:800438
9.25,2016-6-13 16:07:21:514510
9.22000027,2016-6-13 16:10:41:226933
9.23999977,2016-6-13 16:11:20:040153
9.22000027,2016-6-13 16:12:19:944580
9.19999981,2016-6-13 16:13:19:958012
7.92000008,2016-6-14 14:35:43:252173
7.92000008,2016-6-14 14:35:50:708986
7.90999985,2016-6-14 14:36:29:350254
7.90999985,2016-6-14 14:37:30:985962
7.69000006,2016-6-14 15:07:19:305121
7.69000006,2016-6-14 15:07:20:209923
7.69999981,2016-6-14 15:08:20:962520
7.67999983,2016-6-14 15:09:35:160251
7.42999983,2016-6-14 15:45:33:888559
7.42000008,2016-6-14 15:45:36:417704
7.36000013,2016-6-14 15:46:33:759984
10.72999950,2016-6-14 15:55:22:566230
10.72999950,2016-6-14 15:55:38:344132
10.81999970,2016-6-14 15:56:08:883879
10.90999980,2016-6-14 15:57:10:868424
10.98999980,2016-6-14 15:58:08:872742
11.15999980,2016-6-14 16:57:14:142520
11.22999950,2016-6-14 16:57:30:125434
11.31000040,2016-6-14 16:58:29:996859
11.32999990,2016-6-14 16:59:30:180301
11.31999970,2016-6-14 17:00:30:158731
11.25,2016-6-14 17:59:59:947912
11.25,2016-6-14 18:00:05:485228
11.26000020,2016-6-14 18:01:06:038692
11.26000020,2016-6-14 18:02:02:868942
11.29,2016-6-14 18:03:03:802428
11.40999980,2016-6-14 19:02:41:389054
11.40999980,2016-6-14 19:02:46:955372
11.38000010,2016-6-14 19:03:46:124756
11.36999990,2016-6-14 19:04:46:950235
11.39000030,2016-6-14 19:05:46:956668
11.31000040,2016-6-14 20:05:33:027779
11.31000040,2016-6-14 20:05:33:840826
11.30000020,2016-6-14 20:06:31:768139
11.30000020,2016-6-14 20:07:31:739569
11.27999970,2016-6-14 20:08:31:744001
11.14999960,2016-6-14 21:08:20:381259
11.14999960,2016-6-14 21:08:21:306312
11.14000030,2016-6-14 21:09:18:302572
11.18999960,2016-6-14 21:10:17:077934
11.17000010,2016-6-14 21:11:17:008362
11.01000020,2016-6-14 22:10:41:748253
11.02999970,2016-6-14 22:11:01:264370
11.02999970,2016-6-14 22:12:02:043846
11.02999970,2016-6-14 22:13:02:174285
10.97999950,2016-6-14 22:14:02:203719
11,2016-6-14 23:13:34:711055
11.01000020,2016-6-14 23:13:47:777802
10.98999980,2016-6-14 23:14:47:796235
11.02000050,2016-6-14 23:15:47:787666
11,2016-6-14 23:16:47:809099
10.84000020,2016-6-15 00:16:14:944128
10.88000010,2016-6-15 00:16:33:282176
10.86999990,2016-6-15 00:17:33:631628
10.93000030,2016-6-15 00:18:33:445049
10.97999950,2016-6-15 00:19:33:730498
10.90999980,2016-6-15 01:19:17:348469
10.90999980,2016-6-15 01:19:18:456532
10.90999980,2016-6-15 01:20:18:937991
10.89999960,2016-6-15 01:21:18:909422
10.90999980,2016-6-15 01:22:18:872851
10.93999960,2016-6-15 02:22:02:487822
10.93000030,2016-6-15 02:22:03:728893
10.93000030,2016-6-15 02:23:03:709324
10.92000010,2016-6-15 02:24:04:672811
10.89999960,2016-6-15 02:25:04:660242
10.72999950,2016-6-15 03:24:45:780070
10.75,2016-6-15 03:24:50:380334
10.72000030,2016-6-15 03:25:50:518773
10.71,2016-6-15 03:26:50:548207
10.73999980,2016-6-15 03:27:50:544638
10.94999980,2016-6-15 04:27:31:574462
10.94999980,2016-6-15 04:27:36:424739
10.97999950,2016-6-15 04:28:35:709130
10.97999950,2016-6-15 04:29:36:455604
10.97999950,2016-6-15 04:30:36:460036
11.07999990,2016-6-15 05:30:17:373853
11.07999990,2016-6-15 05:30:22:522147
11.06999970,2016-6-15 05:31:22:453575
11.09000020,2016-6-15 05:32:22:392004
11.07999990,2016-6-15 05:33:22:438438
11.14999960,2016-6-15 06:33:03:123241
11.15999980,2016-6-15 06:33:07:448489
11.14999960,2016-6-15 06:34:06:902889
11.11999990,2016-6-15 06:35:07:391349
11.13000010,2016-6-15 06:36:07:455785
11.05000020,2016-6-15 07:35:45:327427
11.05000020,2016-6-15 07:35:50:490723
11.02000050,2016-6-15 07:36:50:491154
11.02000050,2016-6-15 07:37:50:504587
11.02999970,2016-6-15 07:38:50:443015
11,2016-6-15 08:38:07:840487
11.01000020,2016-6-15 08:38:12:511754
11.02999970,2016-6-15 08:39:12:524186
11,2016-6-15 08:40:12:500617
10.98999980,2016-6-15 08:41:12:472047
10.93999960,2016-6-15 09:40:30:178536
10.93999960,2016-6-15 09:40:36:428894
10.90999980,2016-6-15 09:41:33:051132
10.89000030,2016-6-15 09:42:31:976503
10.86999990,2016-6-15 09:43:32:831983
11.29,2016-6-15 10:42:17:535860
11.35999970,2016-6-15 10:42:54:351925
11.27999970,2016-6-15 10:43:54:334030
11.31000040,2016-6-15 10:44:54:394136
11.22000030,2016-6-15 10:45:54:672641
11.35000040,2016-6-15 11:46:37:780495
11.39000030,2016-6-15 11:47:12:100555
11.42000010,2016-6-15 11:48:12:020260
11.35000040,2016-6-15 12:46:53:352045
11.56999970,2016-6-15 12:47:29:029308
11.55000020,2016-6-15 12:48:28:964613
11.54,2016-6-15 12:49:29:071519
11.56000040,2016-6-15 12:50:29:006824
11.46,2016-6-15 13:49:31:429846
11.39000030,2016-6-15 13:49:51:429081
11.32999990,2016-6-15 13:50:52:471988
11.39000030,2016-6-15 13:51:52:516494
11.34000020,2016-6-15 13:52:52:498599
11.35000040,2016-6-15 14:52:55:300965
11.31000040,2016-6-15 14:53:36:198304
11.34000020,2016-6-15 14:54:43:452151
11.46,2016-6-15 14:55:49:406207
11.02000050,2016-6-15 15:55:00:973377
11.04,2016-6-15 15:55:19:730450
11.04,2016-6-15 15:56:20:351917
11.02000050,2016-6-15 15:57:20:023330
11.04,2016-6-15 15:58:20:011762
11.02999970,2016-6-15 16:57:43:954607
10.97999950,2016-6-15 16:58:04:245768
10.96,2016-6-15 16:59:04:825233
10.94999980,2016-6-15 17:00:04:802664
10.93999960,2016-6-15 17:01:04:990106
10.68000030,2016-6-15 18:00:10:827916
10.69999980,2016-6-15 18:00:49:343119
10.68999960,2016-6-15 18:01:23:341064
10.68000030,2016-6-15 18:01:57:105995
10.68000030,2016-6-15 18:02:29:170829
10.68999960,2016-6-15 18:03:01:927703
10.68999960,2016-6-15 18:03:52:008567
10.61999990,2016-6-15 19:03:14:105307
10.63000010,2016-6-15 19:03:33:870438
10.63000010,2016-6-15 19:04:34:549909
10.63000010,2016-6-15 19:05:34:522339
10.60999970,2016-6-15 19:06:34:135749
10.52999970,2016-6-15 20:05:43:863781
10.52999970,2016-6-15 20:06:20:319867
10.54,2016-6-15 20:07:20:558312
10.55000020,2016-6-15 20:08:20:445737
10.52999970,2016-6-15 20:09:20:001144
10.52999970,2016-6-15 21:08:31:617285
10.55000020,2016-6-15 21:09:06:581284
10.54,2016-6-15 21:10:06:736725
10.54,2016-6-15 21:11:06:817161
10.54,2016-6-15 21:12:06:572579
10.52999970,2016-6-15 22:11:47:154377
10.52999970,2016-6-15 22:11:52:604689
10.52000050,2016-6-15 22:12:51:776073
10.52000050,2016-6-15 22:13:52:522548
10.51000020,2016-6-15 22:14:52:360970
10.48999980,2016-6-15 23:14:37:474027
10.48999980,2016-6-15 23:14:38:399080
10.50,2016-6-15 23:15:38:429513
10.47999950,2016-6-15 23:16:38:458947
10.48999980,2016-6-15 23:17:38:405375
10.46,2016-6-16 00:17:19:893225
10.46,2016-6-16 00:17:24:680499
10.47000030,2016-6-16 00:18:24:745934
10.47000030,2016-6-16 00:19:24:586357
10.44999980,2016-6-16 00:20:24:711796
10.43000030,2016-6-16 01:20:09:426830
10.43000030,2016-6-16 01:20:10:276878
10.44999980,2016-6-16 01:21:11:006352
10.43000030,2016-6-16 01:22:11:020785
10.43999960,2016-6-16 01:23:11:008216
10.07999990,2016-6-16 02:22:20:558238
10.39000030,2016-6-16 02:22:57:356343
10.39999960,2016-6-16 02:23:57:335774
10.39999960,2016-6-16 02:24:57:599221
10.39000030,2016-6-16 02:25:56:687600
10.07999990,2016-6-16 03:25:04:088500
10.38000010,2016-6-16 03:25:44:186793
10.38000010,2016-6-16 03:26:44:283231
10.36999990,2016-6-16 03:27:44:193657
10.38000010,2016-6-16 03:28:44:346098
10.06999970,2016-6-16 04:27:53:048072
10.38000010,2016-6-16 04:28:30:387208
10.39000030,2016-6-16 04:29:30:412641
10.35999970,2016-6-16 04:30:30:397072
10.38000010,2016-6-16 04:31:30:351501
10.02999970,2016-6-16 05:30:40:586563
10.31999970,2016-6-16 05:31:16:391611
10.32999990,2016-6-16 05:32:16:498049
10.31000040,2016-6-16 05:33:16:402475
10.34000020,2016-6-16 05:34:16:348904
10.18999960,2016-6-16 06:33:28:501075
10.35000040,2016-6-16 06:34:02:415015
10.34000020,2016-6-16 06:35:02:553455
10.32999990,2016-6-16 06:36:02:391877
10.31999970,2016-6-16 06:37:02:611322
10.34000020,2016-6-16 07:36:41:346014
10.34000020,2016-6-16 07:36:47:062341
10.34000020,2016-6-16 07:37:50:241954
10.32999990,2016-6-16 07:38:47:130208
10.31000040,2016-6-16 07:39:47:160642
9.97000027,2016-6-16 08:39:01:199921
10.27999970,2016-6-16 08:39:30:256583
10.30000020,2016-6-16 08:40:52:824306
10.29,2016-6-16 08:41:30:326451
10.29,2016-6-16 08:42:18:420202
10.31000040,2016-6-16 08:42:30:244878
10.39000030,2016-6-16 09:42:08:362534
10.38000010,2016-6-16 09:42:13:920852
10.36999990,2016-6-16 09:43:13:950286
10.39999960,2016-6-16 09:44:14:039723
10.39000030,2016-6-16 09:45:10:743966
10.39000030,2016-6-16 09:45:19:943492
10.18000030,2016-6-16 10:44:19:756958
10.34000020,2016-6-16 10:44:54:187927
10.31999970,2016-6-16 10:45:54:813395
10.31999970,2016-6-16 10:46:54:014781
10.32999990,2016-6-16 10:47:54:744255
10.26000020,2016-6-16 11:46:42:426026
10.39999960,2016-6-16 11:47:16:315965
10.39000030,2016-6-16 11:48:16:420403
10.39000030,2016-6-16 11:49:16:630846
10.39000030,2016-6-16 11:50:16:364263
10.47000030,2016-6-16 12:49:31:016577
10.47000030,2016-6-16 12:49:36:365883
10.46,2016-6-16 12:50:36:379316
10.46,2016-6-16 12:51:36:317744
10.47000030,2016-6-16 12:52:36:572191
10.64999960,2016-6-16 13:51:50:585469
10.64999960,2016-6-16 13:51:56:201790
10.65999980,2016-6-16 13:52:56:523240
10.64999960,2016-6-16 13:53:56:415666
10.63000010,2016-6-16 13:54:56:445099
10.11999990,2016-6-16 14:53:56:559582
10.11999990,2016-6-16 14:54:16:299711
10.10999970,2016-6-16 14:55:16:755169
10.22999950,2016-6-16 14:56:16:767602
10.19999980,2016-6-16 14:57:15:855981
9.72999954,2016-6-16 15:56:04:581813
9.72000027,2016-6-16 15:56:38:392747
9.68999958,2016-6-16 15:57:38:176166
9.59000015,2016-6-16 15:58:38:434613
9.64000034,2016-6-16 15:59:38:165029
9.85000038,2016-6-16 16:59:01:142820
9.85999966,2016-6-16 16:59:06:635134
9.92000008,2016-6-16 17:00:06:635566
9.90999985,2016-6-16 17:01:06:715002
9.96000004,2016-6-16 17:02:06:763437
10.72999950,2016-6-16 18:01:50:865436
10.72999950,2016-6-16 18:01:51:857492
10.72999950,2016-6-16 18:02:53:238003
10.72999950,2016-6-16 18:03:50:146258
10.69999980,2016-6-16 18:04:33:960764
10.75,2016-6-16 18:05:18:337302
10.72000030,2016-6-16 19:04:07:838178
10.76000020,2016-6-16 19:04:36:145797
10.73999980,2016-6-16 19:05:34:501135
10.77000050,2016-6-16 19:06:34:234552
10.75,2016-6-16 19:07:34:451996
10.79,2016-6-16 20:06:43:315979
10.77000050,2016-6-16 20:07:19:006021
10.77999970,2016-6-16 20:08:30:293098
10.73999980,2016-6-16 20:09:18:973882
10.81000040,2016-6-16 20:10:24:411625
10.64999960,2016-6-16 21:09:26:727234
10.65999980,2016-6-16 21:10:03:267324
10.69999980,2016-6-16 21:11:03:184751
10.71,2016-6-16 21:12:03:172182
10.71,2016-6-16 21:13:03:293621
10.75,2016-6-16 22:12:08:544398
10.75,2016-6-16 22:12:48:479682
10.75,2016-6-16 22:13:48:472113
10.77000050,2016-6-16 22:14:35:356795
10.76000020,2016-6-16 22:14:48:622554
10.75,2016-6-16 22:15:57:503493
10.65999980,2016-6-16 23:15:31:643922
10.67000010,2016-6-16 23:15:42:543546
10.64999960,2016-6-16 23:16:37:398683
10.64000030,2016-6-16 23:18:19:328513
10.64000030,2016-6-16 23:18:36:924520
10.56000040,2016-6-17 00:18:12:997060
10.56000040,2016-6-17 00:18:18:318364
10.56999970,2016-6-17 00:20:11:718850
10.56999970,2016-6-17 00:20:18:210221
10.56000040,2016-6-17 00:21:23:947981
10.55000020,2016-6-17 00:22:03:995272
10.14999960,2016-6-17 01:20:27:042635
10.55000020,2016-6-17 01:21:03:906743
10.54,2016-6-17 01:22:03:850172
10.54,2016-6-17 01:23:03:866605
10.51000020,2016-6-17 01:24:03:838035
10.52000050,2016-6-17 02:23:17:327283
10.52000050,2016-6-17 02:23:49:251109
10.52999970,2016-6-17 02:24:48:913521
10.52000050,2016-6-17 02:25:49:159967
10.51000020,2016-6-17 02:26:49:799435
10.50,2016-6-17 03:26:29:481182
10.51000020,2016-6-17 03:26:34:905492
10.48999980,2016-6-17 03:27:34:177882
10.48999980,2016-6-17 03:28:34:925357
10.50,2016-6-17 03:29:34:862785
10.34000020,2016-6-17 04:28:47:300973
10.47999950,2016-6-17 04:29:20:973899
10.47999950,2016-6-17 04:30:20:978331
10.47999950,2016-6-17 04:31:20:292723
10.48999980,2016-6-17 04:32:20:856187
10.46,2016-6-17 05:31:29:527160
10.48999980,2016-6-17 05:32:06:415269
10.48999980,2016-6-17 05:33:06:444703
10.47000030,2016-6-17 05:34:05:633088
10.47000030,2016-6-17 05:35:06:454567
10.30000020,2016-6-17 06:34:20:390841
10.47000030,2016-6-17 06:34:52:081653
10.46,2016-6-17 06:35:52:115087
10.46,2016-6-17 06:36:51:577488
10.44999980,2016-6-17 06:37:24:493371
10.46,2016-6-17 06:37:52:066948
10.13000010,2016-6-17 07:36:55:508621
10.39999960,2016-6-17 07:37:35:230893
10.43000030,2016-6-17 07:38:35:260327
10.43999960,2016-6-17 07:39:35:281760
10.43000030,2016-6-17 07:40:35:220188
10.38000010,2016-6-17 08:39:54:443764
10.38000010,2016-6-17 08:39:55:810842
10.47999950,2016-6-17 08:40:56:374306
10.48999980,2016-6-17 08:41:56:320735
10.44999980,2016-6-17 08:42:56:267164
10.75,2016-6-17 09:41:38:149604
10.80000020,2016-6-17 09:42:15:842760
10.85999970,2016-6-17 09:43:15:644180
10.86999990,2016-6-17 09:44:20:527891
10.84000020,2016-6-17 09:45:15:087012
10.76000020,2016-6-17 10:44:06:311986
10.96,2016-6-17 10:46:27:907085
10.94999980,2016-6-17 10:46:35:223504
11.52999970,2016-6-17 11:47:25:222272
11.52999970,2016-6-17 11:47:55:336994
11.52000050,2016-6-17 11:48:53:389314
11.50,2016-6-17 11:49:54:231794
11.55000020,2016-6-17 12:50:22:859340
11.56000040,2016-6-17 12:50:59:674446
11.54,2016-6-17 12:51:16:156388
11.56999970,2016-6-17 12:52:32:195738
11.43000030,2016-6-17 14:53:34:015090
11.47000030,2016-6-17 14:53:54:733275
11.46,2016-6-17 14:54:52:188561
11.46,2016-6-17 14:55:51:925978
11.43999960,2016-6-17 14:56:51:897408
11.42000010,2016-6-17 15:56:04:676616
11.42000010,2016-6-17 15:56:09:476890
11.44999980,2016-6-17 15:57:08:523267
11.43000030,2016-6-17 15:58:09:477754
11.43999960,2016-6-17 15:59:09:324177
11.23999980,2016-6-17 16:58:05:559438
11.23999980,2016-6-17 16:58:42:223535
11.22000030,2016-6-17 17:00:12:376691
11.22000030,2016-6-17 17:00:42:224399
11.18999960,2016-6-17 17:01:41:629796
10.97999950,2016-6-17 18:01:11:159962
10.97999950,2016-6-17 18:01:17:350316
10.93999960,2016-6-17 18:02:17:485755
11.05000020,2016-6-17 18:03:43:126654
11.10000040,2016-6-17 18:04:17:199603
11,2016-6-17 19:03:57:736398
11,2016-6-17 19:03:58:561445
11,2016-6-17 19:05:00:739001
10.98999980,2016-6-17 19:06:14:495220
11.01000020,2016-6-17 19:06:58:642745
10.98999980,2016-6-17 19:07:37:022940
11.30000020,2016-6-17 20:06:43:539789
11.27999970,2016-6-17 20:07:43:790235
11.30000020,2016-6-17 20:08:52:882187
11.30000020,2016-6-17 20:09:14:223408
11.31000040,2016-6-17 20:09:40:129890
10.76000020,2016-6-17 21:08:48:263831
11.23999980,2016-6-17 21:09:24:495904
11.25,2016-6-17 21:10:24:475334
11.22000030,2016-6-17 21:11:25:947850
11.19999980,2016-6-17 21:12:24:471198
11.09000020,2016-6-17 22:12:07:449132
11.09000020,2016-6-17 22:12:08:433189
11.10999970,2016-6-17 22:12:41:573084
11.10999970,2016-6-17 22:13:09:171663
11.07999990,2016-6-17 22:15:10:756617
11.07999990,2016-6-17 22:15:11:930684
11.09000020,2016-6-17 22:15:44:479546
10.88000010,2016-6-17 23:14:35:310498
10.93999960,2016-6-17 23:14:54:655604
10.92000010,2016-6-17 23:15:55:652093
10.89999960,2016-6-17 23:16:52:903368
10.86999990,2016-6-17 23:17:30:337509
10.88000010,2016-6-17 23:17:53:008805
10.73999980,2016-6-18 00:17:32:198523
10.72999950,2016-6-18 00:17:37:518828
10.73999980,2016-6-18 00:18:37:461256
10.71,2016-6-18 00:19:37:457688
10.71,2016-6-18 00:20:37:475121
10.52999970,2016-6-18 01:19:52:457454
10.72000030,2016-6-18 01:20:22:239157
10.69999980,2016-6-18 01:21:22:310593
10.72000030,2016-6-18 01:22:23:555096
10.72000030,2016-6-18 01:23:22:265454
10.61999990,2016-6-18 02:23:07:501518
10.61999990,2016-6-18 02:23:08:576580
10.61999990,2016-6-18 02:24:06:661902
10.56000040,2016-6-18 03:25:46:448518
10.56999970,2016-6-18 03:25:52:023836
10.56999970,2016-6-18 03:26:51:899261
10.54,2016-6-18 03:27:51:861691
10.52000050,2016-6-18 03:28:52:005131
10.36999990,2016-6-18 04:28:05:706391
10.54,2016-6-18 04:28:37:621216
10.56000040,2016-6-18 04:29:37:585646
10.55000020,2016-6-18 04:30:37:368065
10.52000050,2016-6-18 04:31:37:419500
10.30000020,2016-6-18 05:30:48:061585
10.46,2016-6-18 05:31:21:614504
10.50,2016-6-18 05:32:21:677940
10.51000020,2016-6-18 05:33:21:653370
10.64000030,2016-6-18 05:34:21:454791
11.06000040,2016-6-18 06:33:33:043930
11.05000020,2016-6-18 06:34:04:661738
11.04,2016-6-18 06:35:04:666170
11.04,2016-6-18 06:36:04:663602
11.06000040,2016-6-18 06:37:04:679035
10.42000010,2016-6-18 07:36:42:384668
10.39999960,2016-6-18 07:36:47:906984
10.35000040,2016-6-18 07:37:47:212376
10.52000050,2016-6-18 07:39:28:809187
10.55000020,2016-6-18 07:39:55:407708
10.59000020,2016-6-18 08:38:54:817151
10.72999950,2016-6-18 08:39:32:115284
10.68999960,2016-6-18 08:40:12:187576
10.47000030,2016-6-18 08:40:52:667891
10.47000030,2016-6-18 08:41:25:119748
10.55000020,2016-6-18 08:41:58:231641
10.46,2016-6-18 08:42:33:996687
10.52999970,2016-6-18 09:42:02:401788
10.52999970,2016-6-18 09:42:06:173004
10.52999970,2016-6-18 09:42:57:736953
10.52000050,2016-6-18 09:43:07:386505
10.51000020,2016-6-18 09:44:05:987857
10.47999950,2016-6-18 09:45:21:932201
10.57999990,2016-6-18 10:44:43:349902
10.57999990,2016-6-18 10:44:44:166949
10.68000030,2016-6-18 10:45:45:079433
10.72000030,2016-6-18 10:46:44:990860
10.69999980,2016-6-18 10:47:44:982291
10.61999990,2016-6-18 11:46:38:198379
10.60999970,2016-6-18 11:47:19:421737
10.59000020,2016-6-18 11:48:14:192870
10.60000040,2016-6-18 11:49:14:189301
10.61999990,2016-6-18 11:50:25:354372
10.76000020,2016-6-18 12:48:57:333246
10.72999950,2016-6-18 12:49:34:185353
10.77000050,2016-6-18 12:50:12:028518
10.77000050,2016-6-18 12:50:33:368738
10.79,2016-6-18 12:51:12:254963
10.79,2016-6-18 12:51:44:619814
10.80000020,2016-6-18 12:52:55:782884
11,2016-6-18 13:51:17:412166
11.02000050,2016-6-18 13:51:53:640238
10.97999950,2016-6-18 13:52:53:590667
10.98999980,2016-6-18 13:53:53:682104
10.96,2016-6-18 13:54:53:575530
10.68000030,2016-6-18 14:53:35:840992
11.09000020,2016-6-18 14:54:12:627096
11.02999970,2016-6-18 14:55:12:619527
11.01000020,2016-6-18 14:56:12:589957
10.92000010,2016-6-18 14:57:11:874348
10.85999970,2016-6-18 15:55:55:784904
11.27000050,2016-6-18 15:56:31:435943
11.27999970,2016-6-18 15:57:31:440375
11.26000020,2016-6-18 15:58:31:428807
11.25,2016-6-18 15:59:31:396237
11.07999990,2016-6-18 16:58:11:965602
11.09000020,2016-6-18 16:58:50:989834
11.06999970,2016-6-18 16:59:51:224279
11.04,2016-6-18 17:00:51:256713
11.09000020,2016-6-18 17:01:51:225143
10.86999990,2016-6-18 18:01:07:148530
10.86999990,2016-6-18 18:01:10:606728
10.86999990,2016-6-18 18:02:09:378089
10.88000010,2016-6-18 18:03:10:282573
10.86999990,2016-6-18 18:04:10:246002
10.60999970,2016-6-18 19:03:39:953178
10.61999990,2016-6-18 19:03:45:011467
10.68999960,2016-6-18 19:04:44:981897
10.60999970,2016-6-18 19:05:44:945327
10.64000030,2016-6-18 19:06:45:266777
10.96,2016-6-18 20:06:21:744340
10.97000030,2016-6-18 20:06:27:152649
10.90999980,2016-6-18 20:07:24:307918
10.90999980,2016-6-18 20:07:26:708056
10.89000030,2016-6-18 20:08:33:613883
10.89999960,2016-6-18 20:09:27:184947
10.92000010,2016-6-18 21:09:05:515615
10.93000030,2016-6-18 21:09:19:371408
10.93000030,2016-6-18 21:10:08:719230
10.92000010,2016-6-18 21:10:48:691517
10.92000010,2016-6-18 21:11:16:957133
10.93000030,2016-6-18 21:12:09:637147
10.68000030,2016-6-18 22:11:19:707199
10.71,2016-6-18 22:12:11:171143
10.68000030,2016-6-18 22:12:49:170316
10.68000030,2016-6-18 22:12:53:220548
10.68999960,2016-6-18 22:13:53:133974
10.68000030,2016-6-18 22:14:32:998255
10.68000030,2016-6-18 22:14:52:377363
10.77000050,2016-6-18 23:14:32:533136
10.77000050,2016-6-18 23:14:37:109398
10.68999960,2016-6-18 23:15:37:104829
10.71,2016-6-18 23:16:36:986255
10.75,2016-6-18 23:17:36:965685
10.76000020,2016-6-19 00:17:16:725436
10.76000020,2016-6-19 00:17:21:300697
10.75,2016-6-19 00:18:21:347132
10.72999950,2016-6-19 00:19:21:301561
10.75,2016-6-19 00:20:15:988689
10.75,2016-6-19 00:20:21:516005
10.77999970,2016-6-19 00:21:01:213276
10.93999960,2016-6-19 01:20:00:761726
10.93999960,2016-6-19 01:20:05:183979
10.93999960,2016-6-19 01:21:17:851136
10.93000030,2016-6-19 01:22:05:192843
10.90999980,2016-6-19 01:23:04:519237
10.59000020,2016-6-19 02:22:17:416451
10.77000050,2016-6-19 02:22:50:018315
10.75,2016-6-19 02:23:49:981745
10.75,2016-6-19 02:24:49:999178
10.72999950,2016-6-19 02:25:50:033612
10.76000020,2016-6-19 03:25:28:522290
10.77000050,2016-6-19 03:25:34:010603
10.79,2016-6-19 03:26:34:140043
10.77999970,2016-6-19 03:27:34:144475
10.76000020,2016-6-19 03:28:34:136906
10.85000040,2016-6-19 04:27:41:600809
10.88000010,2016-6-19 04:28:18:402914
10.89000030,2016-6-19 04:29:18:383345
10.89000030,2016-6-19 04:30:18:420779
10.89999960,2016-6-19 04:31:17:859179
10.88000010,2016-6-19 05:30:57:889945
10.88000010,2016-6-19 05:31:02:686219
10.85999970,2016-6-19 05:32:01:886605
10.90999980,2016-6-19 05:33:02:771088
10.88000010,2016-6-19 05:34:02:737517
10.93000030,2016-6-19 06:33:40:536156
10.93000030,2016-6-19 06:33:46:111475
10.92000010,2016-6-19 06:34:46:173910
10.92000010,2016-6-19 06:35:46:354352
10.92000010,2016-6-19 06:36:46:246778
10.90999980,2016-6-19 07:36:23:719398
10.92000010,2016-6-19 07:36:28:372664
10.93999960,2016-6-19 07:37:29:553163
10.93999960,2016-6-19 07:38:29:345583
10.93999960,2016-6-19 07:39:29:254010
11.06999970,2016-6-19 08:39:01:431326
11.07999990,2016-6-19 08:39:04:931527
11.06999970,2016-6-19 08:40:03:919901
11.07999990,2016-6-19 08:40:58:309011
11.05000020,2016-6-19 08:41:57:605403
10.57999990,2016-6-19 09:40:43:751087
10.80000020,2016-6-19 09:41:17:683028
10.80000020,2016-6-19 09:42:17:487448
10.85000040,2016-6-19 09:43:17:500881
10.81000040,2016-6-19 09:44:17:522314
10.86999990,2016-6-19 10:43:03:789005
11.04,2016-6-19 10:43:37:370926
11.05000020,2016-6-19 10:44:37:633372
11.05000020,2016-6-19 10:45:37:363789
11.06999970,2016-6-19 10:46:37:410223
10.93999960,2016-6-19 11:45:57:143828
10.93999960,2016-6-19 11:45:57:985877
10.97999950,2016-6-19 11:47:02:398561
10.97999950,2016-6-19 11:48:03:487055
10.96,2016-6-19 11:48:56:798104
11.01000020,2016-6-19 12:48:09:418302
11.01000020,2016-6-19 12:48:14:173574
11.02000050,2016-6-19 12:49:14:057999
10.97999950,2016-6-19 12:50:14:042430
10.97000030,2016-6-19 12:51:14:188871
11.10999970,2016-6-19 13:51:24:576373
11.11999990,2016-6-19 13:51:32:559830
11.15999980,2016-6-19 13:52:32:573262
11.19999980,2016-6-19 13:53:32:560693
11.27999970,2016-6-19 14:52:49:510139
11.27999970,2016-6-19 14:52:50:766211
11.27999970,2016-6-19 14:53:50:977655
11.29,2016-6-19 14:54:51:107094
11.27000050,2016-6-19 14:55:51:128527
11.36999990,2016-6-19 15:56:23:302276
11.38000010,2016-6-19 15:57:10:132954
11.38000010,2016-6-19 15:58:10:125385
11.54,2016-6-19 16:57:24:250670
11.54,2016-6-19 16:57:29:887992
11.52000050,2016-6-19 16:58:30:233444
11.51000020,2016-6-19 16:59:30:138870
11.51000020,2016-6-19 17:00:30:093299
11.15999980,2016-6-19 18:00:02:680640
11.15999980,2016-6-19 18:00:05:276788
11.13000010,2016-6-19 18:01:06:250276
11.13000010,2016-6-19 18:02:06:192704
11.15999980,2016-6-19 18:03:06:180135
11.09000020,2016-6-19 19:02:45:477859
11.09000020,2016-6-19 19:02:49:203072
11.10000040,2016-6-19 19:03:48:340455
11.06000040,2016-6-19 19:04:49:128932
11.09000020,2016-6-19 19:05:49:180367
11.22999950,2016-6-19 20:05:19:020550
11.23999980,2016-6-19 20:05:38:702676
11.27000050,2016-6-19 20:08:18:371808
11.26000020,2016-6-19 20:08:34:503731
11.26000020,2016-6-19 20:09:10:182771
11.32999990,2016-6-19 21:08:10:296254
11.32999990,2016-6-19 21:08:12:179362
11.27999970,2016-6-19 21:09:12:417808
11.35000040,2016-6-19 21:10:12:681254
11.38000010,2016-6-19 21:11:12:647684
11.36999990,2016-6-19 22:12:29:893011
11.39999960,2016-6-19 22:12:53:833380
11.44999980,2016-6-19 22:13:53:512793
11.23999980,2016-6-20 00:16:13:250602
11.25,2016-6-20 00:16:17:724858
11.40999980,2016-6-20 00:17:16:922244
11.44999980,2016-6-20 00:18:17:742723
11.43000030,2016-6-20 00:19:17:740155
11.44999980,2016-6-20 03:24:28:485653
11.44999980,2016-6-20 03:24:29:602717
11.47000030,2016-6-20 03:25:29:741157
11.50,2016-6-20 03:26:29:721587
11.52000050,2016-6-20 03:27:29:708018
11.43000030,2016-6-20 07:36:28:547471
11.40999980,2016-6-20 07:37:16:311203
11.42000010,2016-6-20 07:38:16:033619
11.47000030,2016-6-20 08:40:03:430670
11.47999950,2016-6-20 08:40:35:220488
11.52999970,2016-6-20 09:41:21:365036
11.52999970,2016-6-20 09:41:54:596936
11.47999950,2016-6-20 09:42:53:385299
11.35999970,2016-6-20 10:41:44:423263
11.44999980,2016-6-20 10:42:11:957838
11.44999980,2016-6-20 10:43:12:212284
11.46,2016-6-20 10:44:11:567679
11.44999980,2016-6-20 10:45:11:922131
11.52999970,2016-6-20 11:44:38:109105
11.51000020,2016-6-20 11:46:08:512276
11.51000020,2016-6-20 11:46:10:278377
11.51000020,2016-6-20 11:46:29:585481
11.50,2016-6-20 11:47:29:656917
11.51000020,2016-6-20 12:46:40:747028
11.51000020,2016-6-20 12:46:46:222341
11.52000050,2016-6-20 12:47:46:248774
11.52000050,2016-6-20 12:48:46:245206
11.54,2016-6-20 12:49:46:653661
11.44999980,2016-6-20 13:48:40:267772
11.52999970,2016-6-20 13:49:02:775060
11.54,2016-6-20 13:50:02:748490
11.56999970,2016-6-20 13:51:02:892930
11.52999970,2016-6-20 13:52:02:760354
11.55000020,2016-6-20 14:51:33:058564
11.59000020,2016-6-20 14:53:54:801671
11.56999970,2016-6-20 14:54:19:301072
11.56999970,2016-6-20 15:53:21:279662
11.56999970,2016-6-20 15:53:36:495532
11.56000040,2016-6-20 15:54:36:801981
11.55000020,2016-6-20 15:55:36:514397
11.57999990,2016-6-20 15:56:36:535830
11.54,2016-6-20 16:55:19:008304
11.56999970,2016-6-20 16:55:55:517392
11.57999990,2016-6-20 16:56:55:430819
11.56999970,2016-6-20 16:57:55:497254
11.56999970,2016-6-20 16:58:54:802646
11.51000020,2016-6-20 17:57:59:642400
11.55000020,2016-6-20 17:58:38:675632
11.56000040,2016-6-20 17:59:38:651063
11.56000040,2016-6-20 18:00:38:673496
11.55000020,2016-6-20 18:01:38:830937
11.42000010,2016-6-20 19:01:22:223895
11.43999960,2016-6-20 19:01:23:679978
11.52000050,2016-6-20 19:02:22:712355
11.50,2016-6-20 19:03:22:300763
11.47999950,2016-6-20 19:04:21:456146
11.51000020,2016-6-20 20:04:03:533029
11.51000020,2016-6-20 20:04:04:392079
11.50,2016-6-20 20:05:05:238559
11.51000020,2016-6-20 20:06:05:234990
11.48999980,2016-6-20 20:07:05:254423
11.57999990,2016-6-20 21:06:11:269244
11.61999990,2016-6-20 21:06:48:207356
11.64000030,2016-6-20 21:07:47:962774
11.68000030,2016-6-20 21:08:47:951205
11.64999960,2016-6-20 21:09:47:072587
11.18000030,2016-6-20 22:09:24:676214
11.21,2016-6-20 22:09:29:484489
11.14999960,2016-6-20 22:10:29:513923
11.13000010,2016-6-20 22:11:29:452351
11.15999980,2016-6-20 22:12:29:481785
10.19999980,2016-6-20 23:11:35:321595
10.61999990,2016-6-20 23:12:11:103642
10.63000010,2016-6-20 23:13:11:084072
10.72999950,2016-6-20 23:14:11:079504
10.59000020,2016-6-20 23:15:11:014932
10.19999980,2016-6-21 00:14:17:726792
10.51000020,2016-6-21 00:14:52:814799
10.51000020,2016-6-21 00:15:52:764228
10.52999970,2016-6-21 00:16:52:769660
10.51000020,2016-6-21 00:17:52:816095
10.80000020,2016-6-21 01:18:29:731114
10.80000020,2016-6-21 01:18:35:981472
10.54,2016-6-21 01:19:35:919900
10.27999970,2016-6-21 01:20:35:916332
10.75,2016-6-21 02:21:13:232374
10.75,2016-6-21 02:21:19:356725
10.72999950,2016-6-21 02:22:18:413102
10.73999980,2016-6-21 02:23:19:276584
10.84000020,2016-6-21 03:22:57:801263
10.85000040,2016-6-21 03:23:03:426585
10.89999960,2016-6-21 03:24:02:435960
10.89999960,2016-6-21 03:25:03:306442
10.89000030,2016-6-21 03:26:03:265871
10.89000030,2016-6-21 04:25:11:606825
10.90999980,2016-6-21 04:25:47:321868
10.93000030,2016-6-21 04:26:47:501310
10.93000030,2016-6-21 04:27:47:531743
10.93999960,2016-6-21 04:28:47:519174
10.72000030,2016-6-21 05:27:56:615171
10.51000020,2016-6-21 05:28:32:355215
10.73999980,2016-6-21 05:29:32:351647
10.52000050,2016-6-21 05:30:32:390081
10.77000050,2016-6-21 05:31:31:453459
11.18000030,2016-6-21 06:31:08:271041
11.18000030,2016-6-21 06:31:13:858361
11.18000030,2016-6-21 06:32:14:179811
11.19999980,2016-6-21 06:33:14:256247
11.22000030,2016-6-21 06:34:14:131672
10.65999980,2016-6-21 07:33:21:258556
11.06999970,2016-6-21 07:33:57:911652
11.09000020,2016-6-21 07:34:57:787077
11.05000020,2016-6-21 07:35:57:804510
10.97999950,2016-6-21 07:36:57:146904
11.40999980,2016-6-21 09:38:22:863623
11.44999980,2016-6-21 09:38:44:820879
11.47000030,2016-6-21 09:39:44:498293
11.51000020,2016-6-21 09:40:44:221709
11.51000020,2016-6-21 09:41:44:631164
11.56999970,2016-6-21 10:40:52:786107
11.56000040,2016-6-21 10:41:03:102697
11.52999970,2016-6-21 10:42:03:116129
11.50,2016-6-21 10:43:03:112561
11.51000020,2016-6-21 10:44:02:983985
11.44999980,2016-6-21 11:43:23:082611
11.44999980,2016-6-21 11:43:30:082012
11.46,2016-6-21 11:45:27:616734
11.42000010,2016-6-21 11:46:21:046790
11.32999990,2016-6-21 12:45:33:928003
11.34000020,2016-6-21 12:45:38:410260
11.35000040,2016-6-21 12:46:37:743653
11.35000040,2016-6-21 12:47:38:471127
11.35999970,2016-6-21 12:48:38:493560
11.36999990,2016-6-21 13:47:51:042754
11.39000030,2016-6-21 13:47:55:259995
11.38000010,2016-6-21 13:48:55:223425
11.38000010,2016-6-21 13:49:55:210856
11.39000030,2016-6-21 13:51:02:590710
11.13000010,2016-6-21 14:49:36:486693
11.47999950,2016-6-21 14:50:12:284741
11.47999950,2016-6-21 14:51:12:148165
11.43999960,2016-6-21 14:52:12:269604
11.38000010,2016-6-21 14:53:12:165030
11.18999960,2016-6-21 15:52:12:183507
11.25,2016-6-21 15:52:28:949466
11.39000030,2016-6-21 15:53:28:928897
11.43000030,2016-6-21 15:54:29:050335
11.30000020,2016-6-21 15:55:28:377729
11.43000030,2016-6-21 16:54:42:126992
11.44999980,2016-6-21 16:54:47:160279
11.43999960,2016-6-21 16:55:49:351837
11.43999960,2016-6-21 16:56:47:290150
11.40999980,2016-6-21 16:57:47:136573
11.43999960,2016-6-21 17:56:47:951096
11.44999980,2016-6-21 17:57:07:300203
11.43999960,2016-6-21 17:58:07:096623
11.44999980,2016-6-21 17:59:07:084054
11.42000010,2016-6-21 18:00:06:323443
11.47999950,2016-6-21 18:59:36:706657
11.48999980,2016-6-21 18:59:41:331922
11.47999950,2016-6-21 19:00:41:394357
11.52999970,2016-6-21 19:01:41:331785
11.52000050,2016-6-21 19:02:41:320216
11.73999980,2016-6-21 20:02:04:460016
11.77000050,2016-6-21 20:02:24:568166
11.81000040,2016-6-21 20:03:24:839614
11.72000030,2016-6-21 20:04:24:854046
11.68000030,2016-6-21 20:05:24:859478
11.38000010,2016-6-21 21:05:02:910131
11.39000030,2016-6-21 21:05:08:372444
11.36999990,2016-6-21 21:06:08:397877
11.34000020,2016-6-21 21:07:08:436311
11.27000050,2016-6-21 21:08:08:616753
11.27000050,2016-6-21 22:10:34:832024
11.27999970,2016-6-21 22:10:51:980005
11.13000010,2016-6-22 00:13:21:624381
11.14000030,2016-6-22 00:13:24:174527
11.11999990,2016-6-22 00:14:17:904600
11.09000020,2016-6-22 00:15:17:968035
11.07999990,2016-6-22 00:16:17:950466
11.18000030,2016-6-22 02:19:59:801972
11.14999960,2016-6-22 02:20:42:541416
11.17000010,2016-6-22 02:21:42:713858
11.67000010,2016-6-22 04:23:35:968152
11.69999980,2016-6-22 04:24:05:655850
11.67000010,2016-6-22 04:25:05:572277
11.65999980,2016-6-22 04:26:05:600710
11.67000010,2016-6-22 04:27:05:622144
11.64999960,2016-6-22 05:26:41:967699
11.64999960,2016-6-22 05:26:46:598964
11.65999980,2016-6-22 05:27:45:904356
11.65999980,2016-6-22 05:28:46:667831
11.65999980,2016-6-22 05:29:46:628261
11.47999950,2016-6-22 06:31:03:612572
11.47999950,2016-6-22 06:31:30:720123
11.48999980,2016-6-22 06:32:32:449653
11.55000020,2016-6-22 08:34:31:713291
11.55000020,2016-6-22 08:34:32:905360
11.57999990,2016-6-22 08:35:32:584773
11.56000040,2016-6-22 08:36:33:182239
11.56000040,2016-6-22 08:37:33:094666
7.90000010,2016-6-22 09:15:26:768713
7.98000002,2016-6-22 09:15:50:461068
7.86000013,2016-6-22 09:16:50:240487
7.82999992,2016-6-22 09:17:50:409928
7.76999998,2016-6-22 09:18:50:331356
7.48000002,2016-6-22 09:23:40:212936
7.48999977,2016-6-22 09:24:11:027698
7.40999985,2016-6-22 09:25:42:321920
10.13000010,2016-6-22 09:39:31:037320
10.19999980,2016-6-22 09:40:03:361169
10.39000030,2016-6-22 09:41:00:482436
10.52000050,2016-6-22 09:41:59:886834
8.78999996,2016-6-22 09:45:44:773696
8.77999973,2016-6-22 09:45:55:665319
8.11999989,2016-6-22 09:46:55:461740
2.48000002,2016-6-22 09:47:55:633181
0.5899999740,2016-6-22 09:48:58:478776
0.2700000110,2016-6-22 09:53:02:460731
0.25999999,2016-6-22 09:53:27:955189
0.2399999950,2016-6-22 09:54:22:584314
0.2300000040,2016-6-22 09:55:22:627748
0.2199999990,2016-6-22 09:56:22:363164
10.06000040,2016-6-22 10:34:03:981522
7.82999992,2016-6-22 10:50:13:346966
7.75,2016-6-22 10:51:08:340112
9.86999989,2016-6-22 11:20:13:866950
9.86999989,2016-6-22 11:20:56:644397
9.98999977,2016-6-22 11:39:49:180174
10.01000020,2016-6-22 11:40:12:957534
10.02999970,2016-6-22 11:41:13:012969
10.02999970,2016-6-22 11:47:16:860780
10.55000020,2016-6-22 12:49:51:483532
10.56000040,2016-6-22 12:50:14:736862
10.56999970,2016-6-22 12:51:14:212264
10.59000020,2016-6-22 12:52:14:266699
9.96000004,2016-6-22 13:50:53:065963
10.34000020,2016-6-22 13:51:31:531163
10.22000030,2016-6-22 13:52:31:352584
10.26000020,2016-6-22 13:53:31:424020
10.22000030,2016-6-22 13:54:30:479398
9.77000046,2016-6-22 14:53:08:217601
10.14000030,2016-6-22 14:53:48:076881
10.13000010,2016-6-22 14:54:48:015309
10.14000030,2016-6-22 14:55:48:336759
10.07999990,2016-6-22 15:55:28:981561
10.17000010,2016-6-22 15:56:04:912616
10.25,2016-6-22 15:57:05:050055
10.19999980,2016-6-22 15:58:05:055487
10.18000030,2016-6-22 15:59:04:393881
10.34000020,2016-6-22 16:57:47:680402
10.52999970,2016-6-22 16:58:23:511451
10.59000020,2016-6-22 16:59:23:391876
10.48999980,2016-6-22 17:00:23:354306
10.51000020,2016-6-22 17:01:22:576693
10.72999950,2016-6-22 18:00:06:673260
10.69999980,2016-6-22 18:00:43:313356
10.68000030,2016-6-22 18:01:43:935823
10.69999980,2016-6-22 18:02:43:323220
10.67000010,2016-6-22 18:03:43:671672
10.51000020,2016-6-22 19:02:44:231180
10.76000020,2016-6-22 19:03:20:824273
10.76000020,2016-6-22 19:04:20:733700
10.73999980,2016-6-22 19:05:20:697129
10.72000030,2016-6-22 19:06:20:672560
10.32999990,2016-6-22 20:05:29:008513
10.56000040,2016-6-22 20:06:04:656552
10.56000040,2016-6-22 20:07:04:610981
10.57999990,2016-6-22 20:08:04:616413
10.64000030,2016-6-22 20:09:04:654847
10.31000040,2016-6-22 21:08:49:000860
10.31000040,2016-6-22 21:08:50:351937
10.30000020,2016-6-22 21:09:48:423259
10.27000050,2016-6-22 21:10:48:361687
10.26000020,2016-6-22 21:11:47:483069
10.09000020,2016-6-22 22:13:03:797342
10.10000040,2016-6-22 22:13:31:699938
10.07999990,2016-6-22 22:14:31:750373
9.67000008,2016-6-22 23:13:34:917030
10.06000040,2016-6-22 23:14:14:948320
10.09000020,2016-6-22 23:15:14:940751
10.07999990,2016-6-22 23:16:14:950183
10.07999990,2016-6-22 23:17:14:804607
9.75,2016-6-23 00:16:19:046326
10.10999970,2016-6-23 00:16:58:090559
10.10000040,2016-6-23 00:17:58:057989
10.10999970,2016-6-23 00:18:58:029419
10.01000020,2016-6-23 00:19:58:342869
10.17000010,2016-6-23 01:19:29:802145
10.23999980,2016-6-23 01:19:42:392865
10.18000030,2016-6-23 01:20:58:326208
10.18999960,2016-6-23 01:21:39:615570
10.18999960,2016-6-23 01:21:40:657629
10.17000010,2016-6-23 01:23:02:773326
10.22000030,2016-6-23 02:21:45:733828
10.22000030,2016-6-23 02:22:22:651939
10.23999980,2016-6-23 02:23:22:696374
10.25,2016-6-23 02:24:21:849757
10.27000050,2016-6-23 02:25:22:642234
10.22999950,2016-6-23 03:24:47:770148
10.23999980,2016-6-23 03:25:04:152085
10.22999950,2016-6-23 03:25:46:429503
10.23999980,2016-6-23 03:26:04:932561
10.22000030,2016-6-23 03:27:04:386962
10.22999950,2016-6-23 03:28:03:921367
10.19999980,2016-6-23 04:27:43:454105
10.19999980,2016-6-23 04:27:44:546167
10.18999960,2016-6-23 04:28:44:972623
10.18000030,2016-6-23 04:29:45:061060
10.18000030,2016-6-23 04:30:45:024490
10.09000020,2016-6-23 05:31:52:067233
10.10000040,2016-6-23 05:32:26:357194
10.09000020,2016-6-23 05:33:26:319624
9.92000008,2016-6-23 07:35:12:383507
10.10999970,2016-6-23 07:35:49:281617
10.10999970,2016-6-23 07:36:49:286049
10.10000040,2016-6-23 07:37:49:341484
10.09000020,2016-6-23 07:38:49:287913
10.02000050,2016-6-23 08:39:43:682932
10.02999970,2016-6-23 08:40:12:572585
10.02999970,2016-6-23 08:41:12:503013
10.39999960,2016-6-23 09:39:58:331678
10.52999970,2016-6-23 09:40:34:018720
10.64000030,2016-6-23 09:41:33:952148
10.68000030,2016-6-23 09:42:34:065586
10.54,2016-6-23 09:43:33:945011
10.81000040,2016-6-23 10:43:50:228850
10.81999970,2016-6-23 10:43:53:954063
10.81999970,2016-6-23 10:44:52:492412
10.68999960,2016-6-23 10:45:53:054876
10.38000010,2016-6-23 11:44:32:463174
10.89000030,2016-6-23 11:45:11:259393
10.88000010,2016-6-23 11:46:11:278826
10.89999960,2016-6-23 11:47:11:279258
10.92000010,2016-6-23 11:48:11:313692
10.64999960,2016-6-23 12:46:53:186131
10.88000010,2016-6-23 12:47:29:334199
10.89999960,2016-6-23 12:48:29:464638
10.89999960,2016-6-23 12:49:29:327062
10.86999990,2016-6-23 12:50:28:666456
10.63000010,2016-6-23 13:49:11:348942
10.84000020,2016-6-23 13:49:46:888975
10.81999970,2016-6-23 13:50:47:018414
10.81999970,2016-6-23 13:51:47:423869
10.81999970,2016-6-23 13:52:47:029278
10.80000020,2016-6-23 14:51:33:003953
10.92000010,2016-6-23 14:52:04:844774
10.88000010,2016-6-23 14:53:04:782202
10.89000030,2016-6-23 14:54:04:770633
10.85999970,2016-6-23 14:55:04:693060
10.63000010,2016-6-23 15:53:47:077529
10.86999990,2016-6-23 15:54:23:725625
10.89999960,2016-6-23 15:55:23:772060
10.90999980,2016-6-23 15:56:23:785492
10.89999960,2016-6-23 15:57:23:824927
10.69999980,2016-6-23 16:56:05:207338
10.89999960,2016-6-23 16:56:41:966441
10.90999980,2016-6-23 16:57:42:091880
10.89999960,2016-6-23 16:58:42:098312
10.90999980,2016-6-23 16:59:42:503767
11.15999980,2016-6-23 17:58:25:948296
11.14999960,2016-6-23 17:59:02:571391
11.14999960,2016-6-23 18:00:02:519820
11.14000030,2016-6-23 18:01:02:673260
11.11999990,2016-6-23 18:02:01:946651
10.64999960,2016-6-23 19:02:50:168317
10.29,2016-6-23 20:03:39:852067
10.27000050,2016-6-23 20:04:19:699346
10.22000030,2016-6-23 20:05:19:943792
10.14000030,2016-6-23 20:06:19:886220
10.27000050,2016-6-23 20:07:19:845650
9.93999958,2016-6-23 21:06:31:404787
10.07999990,2016-6-23 21:07:04:539683
10.05000020,2016-6-23 21:08:04:566116
10.07999990,2016-6-23 21:09:04:550547
10.09000020,2016-6-23 21:10:04:543978
9.84000015,2016-6-23 22:09:13:234952
9.85000038,2016-6-23 22:09:49:966053
9.92000008,2016-6-23 22:10:49:938483
10.10000040,2016-6-23 22:11:50:025920
9.93999958,2016-6-23 22:12:49:951347
10.32999990,2016-6-23 23:13:27:629411
10.32999990,2016-6-23 23:13:34:329794
10.31999970,2016-6-23 23:14:33:689189
10.30000020,2016-6-23 23:15:34:343658
10.23999980,2016-6-24 00:16:19:085125
10.23999980,2016-6-24 00:16:20:228191
10.27000050,2016-6-24 00:17:18:708536
10.25,2016-6-24 00:18:18:754970
10.30000020,2016-6-24 01:18:10:544409
10.31999970,2016-6-24 01:18:47:200505
10.31999970,2016-6-24 01:19:04:266482
10.31000040,2016-6-24 01:20:03:713882
10.31000040,2016-6-24 01:21:07:251516
10.13000010,2016-6-24 02:20:28:696219
10.14000030,2016-6-24 02:20:50:164447
10.17000010,2016-6-24 02:22:02:485583
10.18000030,2016-6-24 02:22:44:375979
10.18000030,2016-6-24 02:22:45:895066
10.14000030,2016-6-24 02:24:22:356583
10.19999980,2016-6-24 03:24:52:534218
10.18999960,2016-6-24 03:25:30:773405
10.02999970,2016-6-24 04:25:37:117676
10.05000020,2016-6-24 04:26:12:715712
10.02999970,2016-6-24 04:27:12:761147
10.04,2016-6-24 04:28:12:692574
10.01000020,2016-6-24 04:29:12:978023
9.85999966,2016-6-24 05:28:33:977700
9.88000011,2016-6-24 05:28:54:941899
9.86999989,2016-6-24 05:29:54:928330
9.88000011,2016-6-24 05:30:55:124773
9.86999989,2016-6-24 05:31:55:201209
9.63000011,2016-6-24 06:31:02:541106
9.80000019,2016-6-24 06:31:38:656171
9.78999996,2016-6-24 06:32:38:318584
9.77999973,2016-6-24 06:33:37:426965
9.77999973,2016-6-24 06:34:38:562461
9.72999954,2016-6-24 07:33:24:813151
9.88000011,2016-6-24 07:34:01:697261
9.89000034,2016-6-24 07:35:01:748696
9.96000004,2016-6-24 07:36:01:729126
9.92000008,2016-6-24 07:37:01:075521
9.86999989,2016-6-24 08:37:52:238355
9.85000038,2016-6-24 08:38:22:045060
9.84000015,2016-6-24 08:39:22:041492
10.54,2016-6-24 09:39:35:603176
10.61999990,2016-6-24 09:39:40:886478
10.29,2016-6-24 09:40:41:232930
10.46,2016-6-24 09:41:40:981347
9.51000023,2016-6-24 10:40:19:507595
10.18000030,2016-6-24 10:40:59:529884
9.77999973,2016-6-24 10:41:59:535316
9.77999973,2016-6-24 10:42:59:739760
10.38000010,2016-6-24 10:43:59:528180
10.15999980,2016-6-24 11:42:38:107431
10.60000040,2016-6-24 11:43:17:846704
10.52999970,2016-6-24 11:44:17:884138
10.60999970,2016-6-24 11:45:17:814566
10.65999980,2016-6-24 11:46:17:268966
9.93000031,2016-6-24 12:44:59:783442
10.22999950,2016-6-24 12:45:36:581547
10.17000010,2016-6-24 12:46:36:402969
10.10999970,2016-6-24 12:47:36:476405
10.13000010,2016-6-24 12:48:35:562784
9.76000023,2016-6-24 13:47:18:634293
9.80000019,2016-6-24 13:47:54:411339
9.81000042,2016-6-24 13:48:54:524777
9.81000042,2016-6-24 13:49:54:504208
9.81000042,2016-6-24 13:50:53:676592
9.88000011,2016-6-24 14:49:34:858992
9.88000011,2016-6-24 14:50:11:607094
9.89999962,2016-6-24 14:51:11:600526
9.89999962,2016-6-24 14:52:11:608958
9.90999985,2016-6-24 14:53:10:735340
9.72999954,2016-6-24 15:51:50:920683
10.06000040,2016-6-24 15:52:29:743903
10.06999970,2016-6-24 15:53:29:879343
9.98999977,2016-6-24 15:56:14:609765
9.78999996,2016-6-24 16:54:09:450515
10.18999960,2016-6-24 16:54:48:346739
10.29,2016-6-24 16:55:48:353171
10.32999990,2016-6-24 16:56:48:262598
10.25,2016-6-24 16:57:47:892009
10.06000040,2016-6-24 17:56:30:483489
10.21,2016-6-24 17:57:07:497606
10.18000030,2016-6-24 17:58:07:436035
10.18000030,2016-6-24 17:59:07:491470
10.15999980,2016-6-24 18:00:07:483901
10.31000040,2016-6-24 18:58:55:857713
10.32999990,2016-6-24 18:59:34:934948
10.31999970,2016-6-24 19:00:34:965381
10.29,2016-6-24 19:01:35:099821
10.27999970,2016-6-24 19:02:34:913242
10.10000040,2016-6-24 20:01:43:998238
10.17000010,2016-6-24 20:02:19:747283
10.26000020,2016-6-24 20:03:19:711712
10.10999970,2016-6-24 20:04:19:778148
9.98999977,2016-6-24 20:05:19:733577
10.89999960,2016-6-24 21:04:26:530442
10.86999990,2016-6-24 21:05:04:724627
10.86999990,2016-6-24 21:06:04:696057
10.92000010,2016-6-24 21:07:04:663487
10.85999970,2016-6-24 21:08:04:663919
10.52000050,2016-6-24 22:07:13:838920
10.72000030,2016-6-24 22:07:49:552963
10.75,2016-6-24 22:08:49:692403
10.68999960,2016-6-24 22:09:49:589829
10,2016-6-24 23:09:58:552249
9.98999977,2016-6-24 23:10:34:246291
10,2016-6-24 23:11:34:200720
10.02000050,2016-6-24 23:12:34:382162
9.82999992,2016-6-24 23:13:34:266588
9.98999977,2016-6-25 00:12:38:489305
10.02000050,2016-6-25 00:13:18:449591
10,2016-6-25 00:14:18:405020
9.98999977,2016-6-25 00:15:18:488457
10.01000020,2016-6-25 00:16:18:476888
9.89000034,2016-6-25 01:15:22:594600
9.93000031,2016-6-25 01:16:02:512883
9.89999962,2016-6-25 01:17:02:463312
9.89000034,2016-6-25 01:18:02:431742
9.85000038,2016-6-25 01:19:02:457175
10.07999990,2016-6-25 02:18:07:083916
10.54,2016-6-25 02:18:46:086147
10.54,2016-6-25 02:19:45:957572
10.65999980,2016-6-25 02:20:46:012007
10.71,2016-6-25 02:21:45:963436
10.09000020,2016-6-25 03:20:51:911252
10.22999950,2016-6-25 03:21:28:821363
10.21,2016-6-25 03:22:28:879799
10.17000010,2016-6-25 03:23:28:806226
10.14999960,2016-6-25 03:24:28:818659
10.51000020,2016-6-25 04:23:32:315335
10.57999990,2016-6-25 04:24:11:558580
10.60000040,2016-6-25 04:25:11:498008
10.64000030,2016-6-25 04:26:11:492439
10.56000040,2016-6-25 04:27:11:534874
10.43000030,2016-6-25 05:26:19:325796
10.46,2016-6-25 05:26:54:949833
10.56000040,2016-6-25 05:27:55:015269
10.44999980,2016-6-25 05:28:55:001700
10.29,2016-6-25 05:29:54:982131
10.43999960,2016-6-25 06:29:03:072070
10.52000050,2016-6-25 06:29:39:995182
10.52000050,2016-6-25 06:30:39:941610
10.57999990,2016-6-25 06:31:40:014046
10.43999960,2016-6-25 06:32:39:101426
10.56999970,2016-6-25 07:32:07:075502
10.47999950,2016-6-25 07:32:25:257542
10.31999970,2016-6-25 07:33:25:253974
10.26000020,2016-6-25 07:34:25:423415
10.36999990,2016-6-25 07:35:25:365844
10.01000020,2016-6-25 08:34:31:998700
10.26000020,2016-6-25 08:35:10:646910
10.31999970,2016-6-25 08:36:10:734347
10.39000030,2016-6-25 08:37:11:730836
10.35000040,2016-6-25 08:38:10:769213
9.56999969,2016-6-25 09:37:15:783976
9.72000027,2016-6-25 09:37:52:618083
9.76000023,2016-6-25 09:38:52:620515
9.71000004,2016-6-25 09:39:52:695951
9.71000004,2016-6-25 09:40:51:825333
9.68000031,2016-6-25 10:39:47:327552
9.92000008,2016-6-25 10:40:24:251664
9.90999985,2016-6-25 10:41:24:131089
9.88000011,2016-6-25 10:42:23:311474
9.81000042,2016-6-25 10:43:24:079949
9.76000023,2016-6-25 11:42:29:842755
9.93999958,2016-6-25 11:43:05:832814
9.97000027,2016-6-25 11:44:05:879248
9.96000004,2016-6-25 11:45:05:875680
9.94999981,2016-6-25 11:46:05:123069
9.61999989,2016-6-25 12:45:03:149432
9.93999958,2016-6-25 12:45:42:001655
9.89999962,2016-6-25 12:46:42:012087
9.97999954,2016-6-25 12:47:42:024519
9.90999985,2016-6-25 12:48:41:980949
9.85999966,2016-6-25 13:47:46:481683
9.89000034,2016-6-25 13:48:07:313874
9.93000031,2016-6-25 13:49:07:985344
9.90999985,2016-6-25 13:50:07:982776
9.90999985,2016-6-25 13:51:07:621187
10.05000020,2016-6-25 14:50:22:426510
10.05000020,2016-6-25 14:50:38:517431
10.04,2016-6-25 14:51:38:546864
10.04,2016-6-25 14:52:38:493293
10.02000050,2016-6-25 14:53:38:490725
10.09000020,2016-6-25 15:52:27:738586
10.06999970,2016-6-25 15:53:07:710872
10.07999990,2016-6-25 15:54:07:766307
10.07999990,2016-6-25 15:55:07:812742
10.10999970,2016-6-25 15:56:07:759170
10.40999980,2016-6-25 16:55:16:508147
10.43000030,2016-6-25 16:55:49:398029
10.43000030,2016-6-25 16:56:49:374459
10.43999960,2016-6-25 16:57:49:332888
10.42000010,2016-6-25 16:58:49:312319
10.47999950,2016-6-25 17:58:00:752450
10.47999950,2016-6-25 17:58:34:792397
10.46,2016-6-25 17:59:34:821830
10.47999950,2016-6-25 18:00:34:748258
10.47000030,2016-6-25 18:01:34:965702
10.27999970,2016-6-25 19:00:42:531611
10.31000040,2016-6-25 19:01:18:604675
10.34000020,2016-6-25 19:02:18:547103
10.30000020,2016-6-25 19:03:18:710544
10.29,2016-6-25 19:04:17:944932
10.19999980,2016-6-25 20:03:26:202881
10.44999980,2016-6-25 20:04:02:892979
10.43999960,2016-6-25 20:05:02:918413
10.40999980,2016-6-25 20:06:02:895843
10.44999980,2016-6-25 20:07:02:105230
10.60999970,2016-6-25 21:06:12:250287
10.64000030,2016-6-25 21:06:47:948328
10.56999970,2016-6-25 21:07:47:982762
10.56000040,2016-6-25 21:08:47:950192
10.59000020,2016-6-25 21:09:47:938623
9.97000027,2016-6-25 22:08:57:462644
10.15999980,2016-6-25 22:09:33:384699
10.14999960,2016-6-25 22:11:04:257897
10.18999960,2016-6-25 22:11:35:072659
10.15999980,2016-6-25 22:12:32:552947
10.06999970,2016-6-25 23:11:43:358041
10.13000010,2016-6-25 23:12:19:102086
10.13000010,2016-6-25 23:13:19:168521
10.13000010,2016-6-25 23:14:19:111950
10.10000040,2016-6-25 23:15:19:155384
10.04,2016-6-26 00:14:29:772468
10.13000010,2016-6-26 00:15:05:436508
10.06999970,2016-6-26 00:16:04:966913
10.02999970,2016-6-26 00:17:05:081351
9.97999954,2016-6-26 00:18:04:169731
9.75,2016-6-26 01:17:11:922651
10.05000020,2016-6-26 01:17:50:934882
10.14000030,2016-6-26 01:18:50:931313
10.06000040,2016-6-26 01:19:50:935746
10.22000030,2016-6-26 01:20:50:941178
10.10999970,2016-6-26 02:20:32:799048
10.13000010,2016-6-26 02:20:37:291305
10.22999950,2016-6-26 02:21:37:353741
10.25,2016-6-26 02:22:37:383174
10.23999980,2016-6-26 02:23:37:246598
10.43000030,2016-6-26 03:22:50:270819
10.44999980,2016-6-26 03:23:23:103697
10.36999990,2016-6-26 03:24:23:082128
10.31999970,2016-6-26 03:25:23:045558
10.35999970,2016-6-26 03:26:23:114993
10.10000040,2016-6-26 04:26:02:431719
10.11999990,2016-6-26 04:26:09:553126
10.27000050,2016-6-26 04:27:09:566558
10.27000050,2016-6-26 04:28:09:564990
10.39000030,2016-6-26 04:29:09:559422
9.82999992,2016-6-26 05:28:19:615473
10.02000050,2016-6-26 05:28:55:730539
9.94999981,2016-6-26 05:29:55:718970
9.98999977,2016-6-26 05:30:55:732403
10.05000020,2016-6-26 05:31:54:894787
10.38000010,2016-6-26 06:31:36:846662
10.36999990,2016-6-26 06:31:41:500929
10.46,2016-6-26 06:32:41:826379
10.47000030,2016-6-26 06:33:41:493792
10.61999990,2016-6-26 06:34:41:607230
10.56999970,2016-6-26 07:33:47:579048
11,2016-6-26 07:34:27:834351
11.02999970,2016-6-26 07:35:27:756778
11.02000050,2016-6-26 07:36:27:769210
11.05000020,2016-6-26 07:37:27:887649
10.63000010,2016-6-26 08:36:34:143483
11.09000020,2016-6-26 08:37:14:228776
11.10999970,2016-6-26 08:38:14:196206
11.11999990,2016-6-26 08:39:14:196638
11.11999990,2016-6-26 08:40:14:239072
10.72000030,2016-6-26 09:39:20:229891
11.13000010,2016-6-26 09:39:59:136116
11.13000010,2016-6-26 09:40:59:116547
11.11999990,2016-6-26 09:41:59:708013
11.11999990,2016-6-26 09:42:59:113411
10.88000010,2016-6-26 10:41:55:830699
11.11999990,2016-6-26 10:42:32:654805
11.13000010,2016-6-26 10:43:32:726241
11.14999960,2016-6-26 10:44:32:747674
11.14999960,2016-6-26 10:45:31:919059
11.18000030,2016-6-26 11:45:08:184609
11.18000030,2016-6-26 11:45:14:238956
11.18999960,2016-6-26 11:46:13:565349
11.19999980,2016-6-26 11:47:13:794794
11.19999980,2016-6-26 11:48:13:783225
10.79,2016-6-26 12:47:22:326190
11.06999970,2016-6-26 12:47:57:935227
11.05000020,2016-6-26 12:48:57:927658
11.04,2016-6-26 12:49:58:042097
11.05000020,2016-6-26 12:50:57:888520
11.02000050,2016-6-26 13:51:30:146273
11.01000020,2016-6-26 13:51:35:620586
11.02999970,2016-6-26 13:52:34:850974
11.06999970,2016-6-26 13:53:35:581447
11.04,2016-6-26 14:52:43:206360
11.26000020,2016-6-26 14:53:17:963348
11.22999950,2016-6-26 14:54:18:134789
11.26000020,2016-6-26 14:55:18:040216
11.25,2016-6-26 14:56:17:267603
11.06000040,2016-6-26 15:55:21:705334
11.27000050,2016-6-26 15:55:58:428434
11.27999970,2016-6-26 15:56:58:316860
11.27999970,2016-6-26 15:57:58:597307
11.27999970,2016-6-26 15:58:57:409671
10.81999970,2016-6-26 16:57:57:709165
11.32999990,2016-6-26 16:58:37:390434
11.34000020,2016-6-26 16:59:37:620879
11.34000020,2016-6-26 17:00:37:509305
11.34000020,2016-6-26 17:01:37:439733
10.69999980,2016-6-26 18:00:45:233655
10.60999970,2016-6-26 18:01:21:985757
10.97000030,2016-6-26 18:02:22:499218
11.19999980,2016-6-26 18:03:22:640658
11.29,2016-6-26 18:04:22:596087
11.10000040,2016-6-26 19:03:30:372008
11.35000040,2016-6-26 19:04:07:070108
11.36999990,2016-6-26 19:05:07:118542
11.32999990,2016-6-26 19:06:07:346987
11.27999970,2016-6-26 19:07:06:395364
10.38000010,2016-6-26 20:06:15:552364
10.59000020,2016-6-26 20:06:52:358470
10.60000040,2016-6-26 20:07:52:396904
10.60000040,2016-6-26 20:08:52:387335
10.56999970,2016-6-26 20:09:51:428712
10.47999950,2016-6-26 21:09:00:706719
10.54,2016-6-26 21:09:37:430820
10.47999950,2016-6-26 21:10:37:523257
10.47000030,2016-6-26 21:11:36:682640
10.43999960,2016-6-26 21:12:36:537064
10.27000050,2016-6-26 22:12:01:322958
10.30000020,2016-6-26 22:12:22:027142
10.23999980,2016-6-26 22:13:22:736614
10.15999980,2016-6-26 22:14:22:733046
10.17000010,2016-6-26 22:15:22:767480
9.93999958,2016-6-26 23:14:31:145435
10.13000010,2016-6-26 23:15:08:151552
10.10999970,2016-6-26 23:16:08:064979
10.10999970,2016-6-26 23:17:08:203419
10.10000040,2016-6-26 23:18:08:099845
9.89999962,2016-6-27 00:17:18:047890
10.09000020,2016-6-27 00:17:53:845937
10.09000020,2016-6-27 00:18:53:842369
10.09000020,2016-6-27 00:19:53:878803
10.09000020,2016-6-27 00:20:53:836232
10.15999980,2016-6-27 01:20:40:917402
10.15999980,2016-6-27 01:20:42:243477
10.17000010,2016-6-27 01:21:40:280797
10.18000030,2016-6-27 01:22:40:245227
10.15999980,2016-6-27 01:23:40:233658
9.92000008,2016-6-27 02:22:51:000750
10.10000040,2016-6-27 02:23:26:716793
10.09000020,2016-6-27 02:24:26:746227
10.06999970,2016-6-27 02:25:26:773660
10.10000040,2016-6-27 02:26:26:739090
10.11999990,2016-6-27 03:25:36:442121
10.11999990,2016-6-27 03:26:12:415179
10.09000020,2016-6-27 03:27:12:324605
10.10999970,2016-6-27 03:28:12:384041
10.10999970,2016-6-27 03:29:12:305468
10.04,2016-6-27 04:28:26:959782
10.14000030,2016-6-27 04:28:58:516587
10.13000010,2016-6-27 04:29:58:454016
10.14999960,2016-6-27 04:30:58:477449
10.14999960,2016-6-27 04:31:58:473880
9.67000008,2016-6-27 05:31:04:897724
10.01000020,2016-6-27 05:31:44:938014
10.06999970,2016-6-27 05:32:44:943446
10.07999990,2016-6-27 05:33:44:947879
10.06999970,2016-6-27 05:34:44:911308
10.01000020,2016-6-27 06:33:54:633341
10.18000030,2016-6-27 06:34:29:610341
10.18999960,2016-6-27 06:35:29:620774
10.21,2016-6-27 06:36:29:633206
10.21,2016-6-27 06:37:29:587635
9.94999981,2016-6-27 07:36:18:490477
10.31999970,2016-6-27 07:36:57:715721
10.32999990,2016-6-27 07:37:57:617147
10.31999970,2016-6-27 07:38:57:838591
10.30000020,2016-6-27 07:39:57:705015
9.98999977,2016-6-27 08:38:40:227492
10.39000030,2016-6-27 08:39:18:994710
10.40999980,2016-6-27 08:40:19:112148
10.43000030,2016-6-27 08:41:18:992573
10.47000030,2016-6-27 08:42:19:097011
10.43000030,2016-6-27 09:41:03:880617
10.36999990,2016-6-27 09:41:39:590659
10.34000020,2016-6-27 09:42:39:534088
10.34000020,2016-6-27 09:43:39:625525
10.23999980,2016-6-27 09:44:39:534952
10.77999970,2016-6-27 10:44:54:257944
10.80000020,2016-6-27 10:44:59:530754
10.67000010,2016-6-27 10:45:59:472460
10.90999980,2016-6-27 10:46:59:477576
10.59000020,2016-6-27 11:46:17:135540
10.59000020,2016-6-27 11:46:18:118341
10.61999990,2016-6-27 11:47:18:677648
10.31999970,2016-6-27 11:48:18:753353
10.21,2016-6-27 11:49:19:063059
10.60999970,2016-6-27 12:47:58:257640
11.10000040,2016-6-27 12:48:38:302911
11.13000010,2016-6-27 12:49:38:300616
11.14999960,2016-6-27 12:50:38:360721
11.22000030,2016-6-27 12:51:38:498827
10.75,2016-6-27 13:50:19:971012
10.98999980,2016-6-27 13:50:56:147476
11,2016-6-27 13:51:56:160781
11,2016-6-27 13:53:01:181695
11.02000050,2016-6-27 13:53:55:282590
10.89999960,2016-6-27 14:52:39:001179
11.14000030,2016-6-27 14:53:13:711240
11.17000010,2016-6-27 14:54:13:708946
11.14999960,2016-6-27 14:55:13:722251
11.18000030,2016-6-27 14:56:13:688757
10.94999980,2016-6-27 15:54:55:254542
11.21,2016-6-27 15:55:31:930206
11.17000010,2016-6-27 15:56:31:927912
11.15999980,2016-6-27 15:57:31:925617
11.18000030,2016-6-27 15:58:31:080921
10.97000030,2016-6-27 16:57:17:779115
11.22999950,2016-6-27 16:57:51:428374
11.17000010,2016-6-27 16:58:51:223279
11.14999960,2016-6-27 16:59:51:298985
11.13000010,2016-6-27 17:00:51:327890
11.10999970,2016-6-27 17:59:34:344478
11.10999970,2016-6-27 18:00:11:113743
11.13000010,2016-6-27 18:01:11:283048
11.13000010,2016-6-27 18:02:11:343154
11.15999980,2016-6-27 18:03:10:467258
10.89999960,2016-6-27 19:02:12:125878
11.14999960,2016-6-27 19:02:48:832743
11.14999960,2016-6-27 19:03:50:749252
11.13000010,2016-6-27 19:04:49:140154
11.14000030,2016-6-27 19:05:49:044259
11.13000010,2016-6-27 20:04:53:323685
11.15999980,2016-6-27 20:05:33:883756
11.17000010,2016-6-27 20:06:33:663061
11.15999980,2016-6-27 20:07:33:598366
11.15999980,2016-6-27 20:08:32:769270
10.07999990,2016-6-27 21:07:42:711505
10.26000020,2016-6-27 21:08:18:435568
10.27000050,2016-6-27 21:09:18:464473
10.38000010,2016-6-27 21:10:18:524579
10.27000050,2016-6-27 21:11:18:506684
10.26000020,2016-6-27 22:10:26:810916
10.43999960,2016-6-27 22:11:02:566179
10.40999980,2016-6-27 22:12:02:595085
10.43000030,2016-6-27 22:13:02:655190
10.47000030,2016-6-27 22:14:01:950894
10.42000010,2016-6-27 23:13:10:863528
10.42000010,2016-6-27 23:13:47:913593
10.43000030,2016-6-27 23:14:46:710096
10.40999980,2016-6-27 23:15:46:739001
10.40999980,2016-6-27 23:16:45:847505
10.27999970,2016-6-28 00:16:00:844149
10.39000030,2016-6-28 00:16:29:985000
10.39000030,2016-6-28 00:17:30:029506
10.39000030,2016-6-28 00:18:30:011611
10.35999970,2016-6-28 00:19:30:024917
10.27000050,2016-6-28 01:18:36:410346
10.27999970,2016-6-28 01:19:12:524409
10.29,2016-6-28 01:20:12:568914
10.27999970,2016-6-28 01:21:12:566620
10.27000050,2016-6-28 01:22:11:675124
9.93999958,2016-6-28 02:21:15:127747
10.27999970,2016-6-28 02:21:55:266618
10.27000050,2016-6-28 02:22:55:233123
10.25,2016-6-28 02:23:55:277629
10.23999980,2016-6-28 02:24:55:259734
10.19999980,2016-6-28 03:24:01:005562
10.21,2016-6-28 03:24:37:774826
10.21,2016-6-28 03:25:37:772532
10.19999980,2016-6-28 03:26:37:770237
10.19999980,2016-6-28 03:27:36:925541
10.14999960,2016-6-28 04:26:45:510574
10.17000010,2016-6-28 04:27:22:342239
10.18000030,2016-6-28 04:28:22:605144
10.17000010,2016-6-28 04:29:21:557648
10.14999960,2016-6-28 04:30:22:740955
10.29,2016-6-28 05:29:27:815982
10.31000040,2016-6-28 05:30:07:050051
10.26000020,2016-6-28 05:31:07:000956
10.22000030,2016-6-28 05:32:07:045462
10.23999980,2016-6-28 05:33:07:011967
10.21,2016-6-28 06:32:10:152590
10.23999980,2016-6-28 06:32:50:416261
10.22999950,2016-6-28 06:33:50:304766
10.22999950,2016-6-28 06:34:50:380472
10.21,2016-6-28 06:35:50:346977
10.26000020,2016-6-28 07:34:47:278789
10.29,2016-6-28 07:35:23:065252
10.29,2016-6-28 07:36:23:000557
10.27999970,2016-6-28 07:37:23:107463
10.27999970,2016-6-28 07:38:23:058368
10.40999980,2016-6-28 10:42:12:061931
10.43999960,2016-6-28 10:42:51:233600
10.43000030,2016-6-28 10:43:51:075305
10.43000030,2016-6-28 10:44:51:166611
10.42000010,2016-6-28 10:45:51:273516
10.43000030,2016-6-28 11:44:29:797296
10.36999990,2016-6-28 11:45:09:358966
10.32999990,2016-6-28 11:46:09:372271
10.42000010,2016-6-28 11:47:09:338776
10.39999960,2016-6-28 11:48:08:478480
10.30000020,2016-6-28 12:47:03:023488
10.27000050,2016-6-28 12:47:27:967932
10.35000040,2016-6-28 12:48:27:404037
10.35000040,2016-6-28 12:49:27:604542
10.31000040,2016-6-28 12:50:27:430647
10.72000030,2016-6-28 13:49:09:714034
10.89999960,2016-6-28 13:49:45:687697
10.90999980,2016-6-28 13:50:45:607402
10.89000030,2016-6-28 13:51:45:620708
10.97000030,2016-6-28 13:52:45:665213
10.72000030,2016-6-28 14:51:27:578620
10.97000030,2016-6-28 14:52:03:330283
10.94999980,2016-6-28 14:53:03:390389
10.94999980,2016-6-28 14:54:03:377335
10.94999980,2016-6-28 14:55:03:301857
10.76000020,2016-6-28 15:53:45:881921
11.02999970,2016-6-28 15:54:21:403183
11.02000050,2016-6-28 15:55:21:416488
11.04,2016-6-28 15:56:21:398594
11.01000020,2016-6-28 15:57:20:741098
10.69999980,2016-6-28 16:56:03:071285
10.96,2016-6-28 16:56:40:027750
10.94999980,2016-6-28 16:57:40:119055
10.94999980,2016-6-28 16:58:40:007560
10.96,2016-6-28 16:59:40:067666
10.72000030,2016-6-28 17:58:24:909457
10.97000030,2016-6-28 17:59:01:787922
10.98999980,2016-6-28 18:00:01:754427
10.97999950,2016-6-28 18:01:01:767732
10.98999980,2016-6-28 18:02:00:907436
11.04,2016-6-28 19:01:25:014496
11.09000020,2016-6-28 19:01:46:480134
11.06999970,2016-6-28 19:02:51:235848
11.07999990,2016-6-28 19:03:46:225944
11.07999990,2016-6-28 19:04:46:176850
10.43999960,2016-6-28 20:03:53:810281
10.56999970,2016-6-28 20:04:30:517145
10.77000050,2016-6-28 20:05:30:608451
10.64999960,2016-6-28 20:06:30:512556
10.57999990,2016-6-28 20:07:29:667860
10.50,2016-6-28 21:07:09:125347
10.51000020,2016-6-28 21:07:14:741357
10.51000020,2016-6-28 21:08:14:817062
10.46,2016-6-28 21:09:14:705567
10.48999980,2016-6-28 21:10:14:734473
10.14999960,2016-6-28 22:09:23:491106
10.50,2016-6-28 22:09:59:402369
10.51000020,2016-6-28 22:10:59:431274
10.47000030,2016-6-28 22:11:59:194979
10.40999980,2016-6-28 22:12:59:192685
10.61999990,2016-6-28 23:12:06:170915
10.57999990,2016-6-28 23:12:42:940179
10.57999990,2016-6-28 23:13:42:844284
10.63000010,2016-6-28 23:14:42:888790
10.59000020,2016-6-28 23:15:42:527695
10.60000040,2016-6-29 00:14:51:128327
10.61999990,2016-6-29 00:15:26:353189
10.60000040,2016-6-29 00:16:27:583297
10.61999990,2016-6-29 00:17:27:113001
10.60000040,2016-6-29 00:18:27:157507
10.56000040,2016-6-29 01:17:34:946938
10.57999990,2016-6-29 01:18:11:263802
10.57999990,2016-6-29 01:19:10:855907
10.56999970,2016-6-29 01:20:10:822412
10.56999970,2016-6-29 01:21:10:024516
9.96000004,2016-6-29 02:20:16:331945
10.13000010,2016-6-29 02:20:53:304010
10.09000020,2016-6-29 02:21:53:332915
10.11999990,2016-6-29 02:22:53:252620
9.96000004,2016-6-29 02:23:52:392324
10.18000030,2016-6-29 03:23:01:258157
10.22999950,2016-6-29 03:23:34:954217
10.22999950,2016-6-29 03:24:34:951922
10.19999980,2016-6-29 03:25:34:653227
10.14999960,2016-6-29 03:26:34:947333
10.29,2016-6-29 04:25:41:597962
10.51000020,2016-6-29 04:26:17:431225
10.47999950,2016-6-29 04:27:17:413330
10.43000030,2016-6-29 04:28:17:426636
10.35999970,2016-6-29 04:29:16:581940
10.13000010,2016-6-29 05:28:26:102974
10.38000010,2016-6-29 05:29:01:530636
10.43999960,2016-6-29 05:30:01:341141
10.40999980,2016-6-29 05:31:01:370047
10.38000010,2016-6-29 05:32:01:383352
9.34000015,2016-6-29 06:31:10:061985
9.68999958,2016-6-29 06:31:46:363249
9.68000031,2016-6-29 06:32:46:158154
9.68000031,2016-6-29 06:33:46:140259
9.75,2016-6-29 06:34:45:451564
9.43000031,2016-6-29 07:33:52:882194
9.59000015,2016-6-29 07:34:30:790261
9.76000023,2016-6-29 07:35:30:787966
9.84000015,2016-6-29 07:36:30:863672
9.81000042,2016-6-29 07:37:30:003376
9.39999962,2016-6-29 08:36:38:479208
9.52999973,2016-6-29 08:37:15:170473
9.50,2016-6-29 08:38:15:324178
9.47999954,2016-6-29 08:39:15:228283
9.43000031,2016-6-29 08:40:15:428789
9,2016-6-29 09:39:19:349414
9.32999992,2016-6-29 09:39:58:957883
9.31999969,2016-6-29 09:40:59:267589
9.31000042,2016-6-29 09:41:59:015694
9.27999973,2016-6-29 09:42:58:950999
9.18999958,2016-6-29 10:42:07:707633
9.22000027,2016-6-29 10:42:43:509695
9.22000027,2016-6-29 10:43:43:647801
9.23999977,2016-6-29 10:44:43:520706
9.22000027,2016-6-29 10:45:45:749216
9.43999958,2016-6-29 12:47:33:738051
9.57999992,2016-6-29 12:48:10:694516
9.64000034,2016-6-29 12:49:10:645422
10.05000020,2016-6-29 12:50:10:674327
10.18000030,2016-6-29 12:51:09:954431
10.10000040,2016-6-29 13:50:15:762659
10.47000030,2016-6-29 13:50:54:825128
10.51000020,2016-6-29 13:51:54:791633
10.47999950,2016-6-29 13:52:54:836138
10.51000020,2016-6-29 13:53:54:833844
10.31000040,2016-6-29 14:52:41:532038
10.54,2016-6-29 14:53:17:287301
10.60000040,2016-6-29 14:54:17:565807
10.61999990,2016-6-29 14:55:17:282712
10.61999990,2016-6-29 14:56:16:469216
10.27000050,2016-6-29 15:55:17:082634
10.67000010,2016-6-29 15:55:56:191903
10.76000020,2016-6-29 15:56:55:284807
10.72999950,2016-6-29 15:57:56:452514
10.69999980,2016-6-29 15:58:56:309819
10.60999970,2016-6-29 16:58:00:485616
10.67000010,2016-6-29 16:58:40:577687
10.75,2016-6-29 16:59:40:934193
10.75,2016-6-29 17:00:40:853898
10.71,2016-6-29 17:01:40:477203
10.81999970,2016-6-29 18:00:48:282234
10.85000040,2016-6-29 18:01:25:363499
10.82999990,2016-6-29 18:02:25:220804
10.82999990,2016-6-29 18:03:25:312110
10.84000020,2016-6-29 18:04:24:358213
10.35999970,2016-6-29 19:03:29:261640
10.34000020,2016-6-29 19:04:08:324108
10.35000040,2016-6-29 19:05:08:228214
10.27000050,2016-6-29 19:06:08:116719
10.27999970,2016-6-29 19:07:08:145624
9.60999966,2016-6-29 20:06:11:208247
9.93000031,2016-6-29 20:06:51:081917
9.89999962,2016-6-29 20:07:51:157623
9.94999981,2016-6-29 20:08:51:077328
9.84000015,2016-6-29 20:09:51:106234
10.15999980,2016-6-29 21:08:58:490064
10.17000010,2016-6-29 21:09:35:228129
10.15999980,2016-6-29 21:10:35:272634
10.18000030,2016-6-29 21:11:34:412338
10.19999980,2016-6-29 21:12:35:205645
9.93000031,2016-6-29 22:11:43:400677
10.10999970,2016-6-29 22:12:20:247942
10.13000010,2016-6-29 22:13:20:214447
10.11999990,2016-6-29 22:14:20:352553
10.10000040,2016-6-29 22:15:19:383056
9.81999969,2016-6-29 23:14:28:373690
9.98999977,2016-6-29 23:15:05:064954
9.97000027,2016-6-29 23:16:05:078260
9.92000008,2016-6-29 23:17:05:107165
9.93000031,2016-6-29 23:18:04:262469
9.46000004,2016-6-30 00:17:13:346703
9.63000011,2016-6-30 00:17:50:178367
9.67000008,2016-6-30 00:18:50:129273
9.64999962,2016-6-30 00:19:50:329778
9.64000034,2016-6-30 00:20:49:485082
9.51000023,2016-6-30 01:19:59:037317
9.69999981,2016-6-30 01:20:35:728581
9.72999954,2016-6-30 01:21:35:866687
9.68999958,2016-6-30 01:22:35:661592
9.69999981,2016-6-30 01:23:35:908898
9.28999996,2016-6-30 02:22:40:796724
9.64000034,2016-6-30 02:23:20:951194
9.64000034,2016-6-30 02:24:20:792899
9.64999962,2016-6-30 02:25:20:759405
9.64000034,2016-6-30 02:26:19:930309
9.52000046,2016-6-30 03:25:29:700944
9.65999985,2016-6-30 03:26:06:345408
9.65999985,2016-6-30 03:27:06:655114
9.57999992,2016-6-30 03:28:06:356419
9.51000023,2016-6-30 03:29:05:480523
9.40999985,2016-6-30 04:28:14:954757
9.57999992,2016-6-30 04:28:51:443221
9.57999992,2016-6-30 04:29:51:440926
9.57999992,2016-6-30 04:30:51:532232
9.56000042,2016-6-30 04:31:51:498737
9.22999954,2016-6-30 05:30:58:461367
9.53999996,2016-6-30 05:31:37:539436
9.55000019,2016-6-30 05:32:37:552741
9.52000046,2016-6-30 05:33:37:534847
9.43999958,2016-6-30 05:34:37:407752
9.26000023,2016-6-30 06:33:42:607578
9.57999992,2016-6-30 06:34:21:436047
9.60999966,2016-6-30 06:35:21:418152
9.57999992,2016-6-30 06:36:21:462657
9.60999966,2016-6-30 06:37:21:460363
9.31000042,2016-6-30 07:36:10:311361
9.64999962,2016-6-30 07:36:50:465832
9.65999985,2016-6-30 07:37:50:401137
9.63000011,2016-6-30 07:38:50:414442
9.64000034,2016-6-30 07:39:50:380948
9.44999981,2016-6-30 09:40:56:483710
9.81000042,2016-6-30 09:41:35:717779
10.05000020,2016-6-30 10:43:53:546744
10.05000020,2016-6-30 10:43:55:122347
10.02999970,2016-6-30 10:44:55:884453
10,2016-6-30 10:45:55:913359
10.01000020,2016-6-30 10:46:57:595867
10.10000040,2016-6-30 11:45:39:130452
10.10999970,2016-6-30 11:46:16:008917
10.13000010,2016-6-30 11:47:16:084623
10.10999970,2016-6-30 11:48:16:004328
10.14000030,2016-6-30 11:49:15:128432
9.96000004,2016-6-30 12:48:16:212591
9.98999977,2016-6-30 12:48:33:169821
9.64999962,2016-6-30 12:49:33:495127
9.96000004,2016-6-30 12:50:33:399232
10,2016-6-30 12:51:33:474937
9.55000019,2016-6-30 13:50:29:595548
9.69999981,2016-6-30 13:50:50:452785
9.59000015,2016-6-30 13:51:50:965291
9.68999958,2016-6-30 13:52:50:916196
9.64000034,2016-6-30 13:53:50:913902
9.56999969,2016-6-30 14:52:27:908879
9.78999996,2016-6-30 14:53:07:704549
9.89999962,2016-6-30 14:54:07:655454
9.90999985,2016-6-30 14:55:07:668760
9.81000042,2016-6-30 14:56:07:682065
8.18999958,2016-6-30 15:54:46:658246
9.88000011,2016-6-30 15:55:25:424314
9.85000038,2016-6-30 15:56:25:406419
9.78999996,2016-6-30 15:57:25:419725
9.82999992,2016-6-30 15:58:26:103831
9.78999996,2016-6-30 16:57:07:108016
9.92000008,2016-6-30 16:57:43:783680
9.78999996,2016-6-30 16:58:43:843786
9.93000031,2016-6-30 16:59:43:825891
9.81000042,2016-6-30 17:00:43:901596
9.86999989,2016-6-30 17:59:25:077381
10.18999960,2016-6-30 18:00:04:093050
10.25,2016-6-30 18:01:04:215555
10.23999980,2016-6-30 18:02:04:135260
10.27000050,2016-6-30 18:03:04:101766
9.89000034,2016-6-30 19:01:58:303573
9.72999954,2016-6-30 19:02:37:194442
9.64000034,2016-6-30 19:03:37:332547
9.78999996,2016-6-30 19:04:37:189852
9.81999969,2016-6-30 19:05:37:249958
10.22999950,2016-6-30 20:04:41:544983
10.31000040,2016-6-30 20:05:21:902254
10.34000020,2016-6-30 20:06:21:728359
10.34000020,2016-6-30 20:07:21:757264
10.36999990,2016-6-30 20:08:21:754970
9.77000046,2016-6-30 21:07:30:480403
10.10999970,2016-6-30 21:08:06:547666
9.93999958,2016-6-30 21:09:06:389371
10.01000020,2016-6-30 21:10:06:387077
10.04,2016-6-30 21:11:05:526781
9.31999969,2016-6-30 22:10:14:595414
9.47000027,2016-6-30 22:10:51:271079
9.57999992,2016-6-30 22:11:51:253184
9.39000034,2016-6-30 22:12:51:250889
9.13000011,2016-6-30 22:13:50:437393
9.19999981,2016-6-30 23:13:00:083228
9.39000034,2016-6-30 23:13:35:838491
9.40999985,2016-6-30 23:14:35:789396
9.60000038,2016-6-30 23:15:35:787101
9.43999958,2016-6-30 23:16:35:753607
9.17000008,2016-7-1 00:15:40:766233
9.51000023,2016-7-1 00:16:19:859902
9.48999977,2016-7-1 00:17:19:842007
9.50,2016-7-1 00:18:19:870913
9.51000023,2016-7-1 00:19:19:821818
9.84000015,2016-7-1 01:18:25:614446
9.81999969,2016-7-1 01:19:03:772113
9.81999969,2016-7-1 01:20:03:723018
9.81999969,2016-7-1 01:21:03:720723
9.88000011,2016-7-1 01:22:03:718429
9.22000027,2016-7-1 02:21:07:436253
9.59000015,2016-7-1 02:21:47:403523
9.64999962,2016-7-1 02:22:47:448029
9.55000019,2016-7-1 02:23:47:492534
9.51000023,2016-7-1 02:24:47:365439
9.25,2016-7-1 03:23:51:176864
9.63000011,2016-7-1 03:24:31:019334
9.72000027,2016-7-1 03:25:31:110639
9.63000011,2016-7-1 03:26:31:014744
9.64000034,2016-7-1 03:27:30:981250
9.89000034,2016-7-1 04:26:38:474281
9.93000031,2016-7-1 04:27:16:569548
10.04,2016-7-1 04:28:13:618848
10.06999970,2016-7-1 04:29:12:742952
10.04,2016-7-1 04:30:13:536258
9.85999966,2016-7-1 05:29:19:952887
10.09000020,2016-7-1 05:29:55:926550
10.06000040,2016-7-1 05:30:55:752656
10.06000040,2016-7-1 05:31:55:781561
10.10999970,2016-7-1 05:32:55:763666
10.34000020,2016-7-1 06:31:59:637491
10.31999970,2016-7-1 06:32:39:651561
10.27999970,2016-7-1 06:33:39:602466
10.30000020,2016-7-1 06:34:39:709372
10.26000020,2016-7-1 06:35:39:613477
10.18000030,2016-7-1 07:34:35:188087
10.22000030,2016-7-1 07:35:10:132148
10.18000030,2016-7-1 07:36:10:129854
10.26000020,2016-7-1 07:37:10:205559
10.22999950,2016-7-1 07:38:09:516864
10.34000020,2016-7-1 08:36:50:536648
10.39000030,2016-7-1 08:37:30:379118
10.36999990,2016-7-1 08:38:30:376823
10.39000030,2016-7-1 08:39:29:703727
10.32999990,2016-7-1 08:40:30:356634
9.90999985,2016-7-1 09:39:10:066016
10.38000010,2016-7-1 09:39:50:002086
10.31999970,2016-7-1 09:40:50:046592
10.39000030,2016-7-1 09:41:50:013097
10.40999980,2016-7-1 09:42:50:057602
10.31999970,2016-7-1 10:41:31:148857
10.54,2016-7-1 10:42:07:842121
10.31999970,2016-7-1 10:43:07:874027
10.27999970,2016-7-1 10:44:07:968332
10.35000040,2016-7-1 10:45:07:252437
10.22999950,2016-7-1 11:43:48:335432
10.61999990,2016-7-1 11:44:26:806099
10.64000030,2016-7-1 11:45:26:774605
10.65999980,2016-7-1 11:46:26:776310
10.59000020,2016-7-1 11:47:26:745816
10.07999990,2016-7-1 12:46:10:108613
10.29,2016-7-1 12:46:45:460275
10.27000050,2016-7-1 12:47:45:180180
10.30000020,2016-7-1 12:48:44:508085
10.31999970,2016-7-1 12:49:45:352192
9.60999966,2016-7-1 13:48:26:217584
9.89000034,2016-7-1 13:49:05:937254
9.81999969,2016-7-1 13:50:05:922359
9.81999969,2016-7-1 13:51:06:000065
9.86999989,2016-7-1 13:52:05:111569
10.11999990,2016-7-1 14:50:43:715556
10.11999990,2016-7-1 14:51:20:314220
10.17000010,2016-7-1 14:52:20:579126
10.14999960,2016-7-1 14:53:20:283431
10.02999970,2016-7-1 14:54:19:581135
10.18999960,2016-7-1 15:53:03:189731
10.25,2016-7-1 15:53:38:103593
10.25,2016-7-1 15:54:38:165698
10.22000030,2016-7-1 15:55:38:165404
10.27000050,2016-7-1 15:56:38:165109
10.25,2016-7-1 16:55:16:616695
10.30000020,2016-7-1 16:55:56:553766
10.27000050,2016-7-1 16:56:56:647071
10.31999970,2016-7-1 16:57:56:584377
10.32999990,2016-7-1 16:58:56:662082
10.32999990,2016-7-1 17:57:35:053876
10.35999970,2016-7-1 17:58:16:442749
10.35999970,2016-7-1 17:59:17:096656
10.35999970,2016-7-1 18:00:17:079761
10.39000030,2016-7-1 18:01:16:361865
10.32999990,2016-7-1 19:00:06:949872
10.27999970,2016-7-1 19:00:45:983141
10.35000040,2016-7-1 19:01:45:981846
10.31000040,2016-7-1 19:02:46:011752
10.39999960,2016-7-1 19:03:45:996857
10.10999970,2016-7-1 20:02:55:112696
10.27000050,2016-7-1 20:03:30:837759
10.31999970,2016-7-1 20:04:30:898864
10.31999970,2016-7-1 20:05:30:837170
10.30000020,2016-7-1 20:06:30:820275
9.38000011,2016-7-9 01:06:22:143547
9.36999989,2016-7-9 01:06:44:574830
9.36999989,2016-7-9 01:07:44:590263
9.39000034,2016-7-9 01:08:44:752704
9.48999977,2016-7-9 02:08:08:229523
9.48999977,2016-7-9 02:08:27:028599
9.47000027,2016-7-9 02:09:27:358049
9.47999954,2016-7-9 02:10:27:363481
9.47000027,2016-7-9 02:11:27:375914
9.57999992,2016-7-9 03:10:53:728898
9.56000042,2016-7-9 03:11:09:577804
9.63000011,2016-7-9 03:12:09:574236
9.60999966,2016-7-9 03:13:09:746677
9.64999962,2016-7-9 03:14:09:768110
9.51000023,2016-7-9 04:13:30:412768
9.51000023,2016-7-9 04:13:51:024947
9.48999977,2016-7-9 04:14:51:579410
9.48999977,2016-7-9 04:15:51:397831
9.46000004,2016-7-9 04:16:51:194252
9.32999992,2016-7-9 05:16:25:269677
9.32999992,2016-7-9 05:16:53:510292
9.35999966,2016-7-9 05:16:55:426402
9.38000011,2016-7-9 05:17:32:116500
9.52999973,2016-7-9 05:18:32:887976
9.60000038,2016-7-9 05:19:32:913410
9.34000015,2016-7-9 06:18:58:896372
9.36999989,2016-7-9 06:19:14:928289
9.39000034,2016-7-9 06:20:14:887719
9.35000038,2016-7-9 06:21:15:044159
9.39000034,2016-7-9 06:22:15:099594
9.40999985,2016-7-9 07:21:44:196735
9.39999962,2016-7-9 07:21:56:379432
9.43999958,2016-7-9 07:22:56:417866
9.43000031,2016-7-9 07:23:56:360294
9.39999962,2016-7-9 07:25:00:118941
9.31000042,2016-7-9 09:26:06:849574
9.35999966,2016-7-9 09:26:46:555845
9.31999969,2016-7-9 09:27:46:569278
9.28999996,2016-7-9 09:28:46:699717
9.34000015,2016-7-9 09:29:46:358130
9.76000023,2016-7-9 16:42:54:311555
9.75,2016-7-9 16:43:09:340415
9.77000046,2016-7-9 16:44:10:036887
9.80000019,2016-7-9 16:45:10:154325
9.77000046,2016-7-9 16:46:10:283764
9.73999977,2016-7-9 17:45:54:436766
9.75,2016-7-9 17:46:32:680954
9.75,2016-7-9 17:47:32:544378
9.72000027,2016-7-9 17:48:54:101042
9.55000019,2016-7-9 18:48:16:316790
9.55000019,2016-7-9 18:48:21:250072
9.55000019,2016-7-9 18:49:21:471516
9.53999996,2016-7-9 18:50:17:084697
9.53999996,2016-7-9 18:50:25:235163
9.55000019,2016-7-9 18:51:24:218537
9.57999992,2016-7-9 18:51:47:246854
9.39999962,2016-7-9 19:50:41:863023
9.39000034,2016-7-9 19:51:03:266247
9.39000034,2016-7-9 19:52:01:591583
9.35999966,2016-7-9 19:53:01:651018
9.35000038,2016-7-9 19:54:01:643449
9.31999969,2016-7-9 20:53:25:176272
9.32999992,2016-7-9 20:53:44:754392
9.31999969,2016-7-9 20:54:45:575870
9.31000042,2016-7-9 20:55:47:294400
9.30000019,2016-7-9 20:56:48:515902
9.35000038,2016-7-9 21:56:08:522523
9.36999989,2016-7-9 21:56:28:921690
9.36999989,2016-7-9 21:57:29:772170
9.38000011,2016-7-9 21:58:29:776602
9.35999966,2016-7-9 21:59:29:798035
9.35000038,2016-7-9 22:58:52:538812
9.35999966,2016-7-9 22:59:15:529127
9.36999989,2016-7-9 23:00:13:816461
9.38000011,2016-7-9 23:01:17:955130
9.35000038,2016-7-9 23:01:52:011077
9.35000038,2016-7-9 23:02:14:135343
9.39999962,2016-7-10 00:01:33:833946
9.43999958,2016-7-10 00:01:56:958269
9.43999958,2016-7-10 00:02:59:237831
9.42000008,2016-7-10 00:03:57:142143
9.40999985,2016-7-10 01:06:31:211863
9.42000008,2016-7-10 01:06:45:870702
9.43999958,2016-7-10 01:07:40:324816
9.26000023,2016-7-10 04:13:57:079090
9.23999977,2016-7-10 04:14:52:558263
9.26000023,2016-7-10 04:15:44:364226
9.05000019,2016-7-10 08:23:06:518149
9.07999992,2016-7-10 08:23:31:541580
9.10000038,2016-7-10 08:24:38:104388
9.10000038,2016-7-10 08:25:34:409608
9.10999966,2016-7-10 08:26:30:964843
9.03999996,2016-7-10 09:25:40:555868
9.05000019,2016-7-10 09:26:12:811713
9.06000042,2016-7-10 09:27:12:917151
9.05000019,2016-7-10 09:28:13:130595
9.05000019,2016-7-10 09:29:13:627055
8.93999958,2016-7-10 10:28:19:963894
9.07999992,2016-7-10 10:28:56:261970
9.06999969,2016-7-10 10:29:56:247401
9.05000019,2016-7-10 10:30:55:593795
9.06999969,2016-7-10 10:31:56:269266
8.77999973,2016-7-10 11:30:49:276342
9.09000015,2016-7-10 11:31:28:748600
9.11999989,2016-7-10 11:32:28:757032
9.10000038,2016-7-10 11:33:28:791466
9.09000015,2016-7-10 11:34:28:146861
1.28999996,2016-7-10 12:33:09:933295
0,2016-7-10 12:33:48:964528
0,2016-7-10 12:34:49:015963
0,2016-7-10 12:35:49:091399
0,2016-7-10 12:36:49:620861
0,2016-7-10 13:36:02:518075
0,2016-7-10 13:36:08:668427
9.40999985,2016-7-10 13:37:07:781808
9.40999985,2016-7-10 13:38:08:653289
9.38000011,2016-7-10 13:39:08:649721
9.39000034,2016-7-10 14:37:51:680227
9.53999996,2016-7-10 14:38:27:654284
9.55000019,2016-7-10 14:39:27:433704
9.59000015,2016-7-10 14:40:27:497139
9.64999962,2016-7-10 14:41:27:476570
9.59000015,2016-7-10 15:40:05:679799
9.59000015,2016-7-10 15:40:44:836039
9.60999966,2016-7-10 15:41:44:990480
9.60000038,2016-7-10 15:42:45:019913
9.59000015,2016-7-10 15:43:44:998344
9.64000034,2016-7-10 16:42:26:173743
9.67000008,2016-7-10 16:43:04:146915
9.64000034,2016-7-10 16:44:04:193350
9.60999966,2016-7-10 16:45:04:191782
9.56999969,2016-7-10 16:46:04:195214
9.51000023,2016-7-10 17:44:56:139229
9.53999996,2016-7-10 17:45:34:944449
9.53999996,2016-7-10 17:46:34:949881
9.55000019,2016-7-10 17:47:35:014316
9.55000019,2016-7-10 17:48:35:084752
9.06999969,2016-7-10 18:47:38:887446
9.43999958,2016-7-10 18:48:17:798672
9.46000004,2016-7-10 18:49:17:778102
9.44999981,2016-7-10 18:50:17:824537
9.44999981,2016-7-10 18:51:17:812968
9.07999992,2016-7-10 19:50:22:711724
9.40999985,2016-7-10 19:51:01:684954
9.39999962,2016-7-10 19:52:01:698386
9.40999985,2016-7-10 19:53:01:710819
9.40999985,2016-7-10 19:54:01:683249
9.32999992,2016-7-10 20:53:08:013087
9.48999977,2016-7-10 20:53:44:772190
9.48999977,2016-7-10 20:54:44:759621
9.48999977,2016-7-10 20:55:44:864059
9.47999954,2016-7-10 20:56:44:827488
9.38000011,2016-7-10 21:55:49:117210
9.39000034,2016-7-10 21:56:27:665415
9.38000011,2016-7-10 21:57:27:587842
9.39999962,2016-7-10 21:58:27:601275
9.38000011,2016-7-10 21:59:27:597707
8.97999954,2016-7-10 22:58:30:218333
9.32999992,2016-7-10 22:59:09:958606
9.32999992,2016-7-10 23:00:09:951037
9.31000042,2016-7-10 23:01:09:914467
9.27000046,2016-7-10 23:02:09:889897
9.26000023,2016-7-11 00:01:16:428748
9.26000023,2016-7-11 00:01:52:197794
9.27000046,2016-7-11 00:02:52:244228
9.27000046,2016-7-11 00:03:52:232659
9.27000046,2016-7-11 00:04:52:162087
9.35999966,2016-7-11 01:03:58:086902
9.34000015,2016-7-11 01:04:33:559931
9.31999969,2016-7-11 01:05:33:652368
9.32999992,2016-7-11 01:06:33:577796
9.31999969,2016-7-11 01:07:33:583228
9.05000019,2016-7-11 02:06:37:309918
9.27000046,2016-7-11 02:07:14:225029
9.26000023,2016-7-11 02:08:14:204460
9.22000027,2016-7-11 02:09:14:480907
9.22000027,2016-7-11 02:10:13:381276
8.60999966,2016-7-11 03:09:14:879838
8.94999981,2016-7-11 03:09:53:994076
8.96000004,2016-7-11 03:10:54:182518
9.02000046,2016-7-11 03:11:54:153948
9.06999969,2016-7-11 03:12:54:150380
8.97000027,2016-7-11 04:12:00:159200
9.15999985,2016-7-11 04:12:34:220148
9.06999969,2016-7-11 04:13:34:228580
9.14000034,2016-7-11 04:14:34:313017
9.14999962,2016-7-11 04:15:34:255446
9.09000015,2016-7-11 05:14:46:244608
9.18000031,2016-7-11 05:15:14:755238
9.17000008,2016-7-11 05:16:14:860676
9.15999985,2016-7-11 05:17:14:823106
9.14000034,2016-7-11 05:18:14:025492
8.65999985,2016-7-11 06:17:20:206322
8.80000019,2016-7-11 06:17:55:983368
8.84000015,2016-7-11 06:18:55:892795
8.89000034,2016-7-11 06:19:55:811222
8.96000004,2016-7-11 06:20:55:685647
8.84000015,2016-7-11 07:19:49:998798
9.01000023,2016-7-11 07:20:26:679896
8.97999954,2016-7-11 07:21:26:676328
8.97999954,2016-7-11 07:22:26:756764
8.90999985,2016-7-11 07:23:26:728194
9.44999981,2016-7-11 08:22:11:021772
9.46000004,2016-7-11 08:22:46:751816
9.47999954,2016-7-11 08:23:46:731247
9.51000023,2016-7-11 08:24:46:677675
9.56000042,2016-7-11 08:25:45:866061
9.25,2016-7-11 09:24:25:275359
9.39999962,2016-7-11 09:25:05:461658
9.52999973,2016-7-11 09:26:04:803052
9.59000015,2016-7-11 09:27:05:332514
9.55000019,2016-7-11 09:28:05:466954
9.42000008,2016-7-11 10:26:43:774189
9.75,2016-7-11 10:27:23:330452
9.72000027,2016-7-11 10:28:22:834855
9.72000027,2016-7-11 10:29:22:840287
9.72000027,2016-7-11 10:30:22:152680
9.73999977,2016-7-11 11:29:03:638097
9.75,2016-7-11 11:29:40:420201
9.81000042,2016-7-11 11:30:40:424633
9.81999969,2016-7-11 11:31:40:355061
9.85000038,2016-7-11 11:32:40:145481
9.72999954,2016-7-11 12:31:20:525835
9.90999985,2016-7-11 12:31:57:431946
9.92000008,2016-7-11 12:32:57:412377
9.90999985,2016-7-11 12:33:57:433810
9.93999958,2016-7-11 12:34:56:666197
9.77999973,2016-7-11 13:33:39:573696
9.98999977,2016-7-11 13:34:15:279739
10.04,2016-7-11 13:35:15:391177
10.04,2016-7-11 13:36:15:347606
10.09000020,2016-7-11 13:37:15:369039
9.89000034,2016-7-11 14:35:55:480378
9.90999985,2016-7-11 14:36:32:026468
9.93000031,2016-7-11 14:37:31:988898
9.93999958,2016-7-11 14:38:31:228286
9.92000008,2016-7-11 14:39:32:032764
9.76000023,2016-7-11 15:38:14:747252
9.94999981,2016-7-11 15:38:51:153334
9.94999981,2016-7-11 15:39:56:824090
9.97000027,2016-7-11 15:40:51:259204
9.97999954,2016-7-11 15:41:54:042795
9.81000042,2016-7-11 16:40:32:177021
10.14000030,2016-7-11 16:41:11:391263
10.14000030,2016-7-11 16:42:11:359693
10.19999980,2016-7-11 16:43:11:351125
10.17000010,2016-7-11 16:44:11:456563
9.96000004,2016-7-11 17:43:07:301801
9.97999954,2016-7-11 17:43:31:717198
9.97999954,2016-7-11 17:44:30:638568
9.96000004,2016-7-11 17:45:30:626999
9.96000004,2016-7-11 17:46:30:474422
9.98999977,2016-7-11 18:45:30:171881
10.17000010,2016-7-11 18:46:06:911983
10.17000010,2016-7-11 18:47:06:932416
10.15999980,2016-7-11 18:48:06:887845
10.14000030,2016-7-11 18:49:06:892277
9.92000008,2016-7-11 19:48:29:149026
9.97000027,2016-7-11 19:48:49:481189
9.92000008,2016-7-11 19:49:50:302668
9.89000034,2016-7-11 19:50:50:283099
9.85999966,2016-7-11 19:51:50:287531
9.89000034,2016-7-11 20:50:57:572424
9.89000034,2016-7-11 20:51:33:379472
9.88000011,2016-7-11 20:52:33:366903
9.89999962,2016-7-11 20:53:33:380336
9.93000031,2016-7-11 20:54:30:827621
9.93000031,2016-7-11 20:54:32:827736
9.80000019,2016-7-11 21:53:57:665633
9.81999969,2016-7-11 21:54:15:947679
9.81999969,2016-7-11 21:54:49:754612
9.81999969,2016-7-11 21:55:16:503142
9.81000042,2016-7-11 21:56:16:707586
9.81999969,2016-7-11 21:57:16:353997
9.57999992,2016-7-11 22:56:22:590830
9.76000023,2016-7-11 22:56:59:291930
9.78999996,2016-7-11 22:57:59:526375
9.77000046,2016-7-11 22:58:59:418800
9.82999992,2016-7-11 22:59:59:415232
9.67000008,2016-7-11 23:59:06:432110
9.69999981,2016-7-11 23:59:42:159153
9.68999958,2016-7-12 00:00:42:314594
9.67000008,2016-7-12 00:01:42:348028
9.65999985,2016-7-12 00:02:42:273455
9.56000042,2016-7-12 01:02:24:574351
9.56000042,2016-7-12 01:02:25:645412
9.55000019,2016-7-12 01:03:24:375772
9.55000019,2016-7-12 01:04:14:143618
9.55000019,2016-7-12 01:04:31:017583
9.52999973,2016-7-12 01:05:29:865949
9.44999981,2016-7-12 02:04:48:774507
9.47000027,2016-7-12 02:05:08:208619
9.47000027,2016-7-12 02:06:08:080043
9.47000027,2016-7-12 02:07:13:672795
9.46000004,2016-7-12 02:08:08:080907
9.39999962,2016-7-12 03:07:10:038495
9.42000008,2016-7-12 03:07:50:027782
9.43000031,2016-7-12 03:08:50:208225
9.43000031,2016-7-12 03:09:50:270660
9.43999958,2016-7-12 03:10:50:189087
9.18000031,2016-7-12 04:09:56:225909
9.35000038,2016-7-12 04:10:31:790943
9.34000015,2016-7-12 04:11:31:812376
9.35000038,2016-7-12 04:12:31:100767
9.32999992,2016-7-12 04:13:31:880243
9.11999989,2016-7-12 05:12:36:780000
9.31999969,2016-7-12 05:13:12:653052
9.35999966,2016-7-12 05:14:12:783491
9.35999966,2016-7-12 05:15:12:737920
9.38000011,2016-7-12 05:16:12:726352
9.14000034,2016-7-12 06:15:22:560390
9.27000046,2016-7-12 06:15:58:666456
9.27999973,2016-7-12 06:16:58:646886
9.27000046,2016-7-12 06:17:58:693321
9.28999996,2016-7-12 06:18:58:114719
9.28999996,2016-7-12 07:17:41:546248
9.31000042,2016-7-12 07:18:21:376526
9.31000042,2016-7-12 07:19:21:468963
9.25,2016-7-12 07:20:21:415392
9.22000027,2016-7-12 07:21:21:411824
9.73999977,2016-7-12 08:20:07:242490
9.90999985,2016-7-12 08:20:41:165430
9.93000031,2016-7-12 08:21:41:082857
9.93000031,2016-7-12 08:22:41:229297
9.93999958,2016-7-12 08:23:41:100722
9.97000027,2016-7-12 09:22:19:943988
9.98999977,2016-7-12 09:22:59:137230
9.98999977,2016-7-12 09:23:59:112660
10.01000020,2016-7-12 09:24:59:239099
9.97000027,2016-7-12 09:25:59:230531
9.85999966,2016-7-12 10:24:39:170860
10.06000040,2016-7-12 10:25:15:963964
10.02999970,2016-7-12 10:26:15:915393
9.97000027,2016-7-12 10:27:15:957827
10.01000020,2016-7-12 10:28:15:920257
9.89000034,2016-7-12 11:26:58:702749
9.88000011,2016-7-12 11:27:33:484738
9.89999962,2016-7-12 11:28:33:419166
9.89999962,2016-7-12 11:29:33:448600
9.90999985,2016-7-12 11:30:33:421030
9.88000011,2016-7-12 12:29:14:619431
10.06999970,2016-7-12 12:29:50:460481
10.09000020,2016-7-12 12:30:50:577919
10.05000020,2016-7-12 12:31:50:016319
10.09000020,2016-7-12 12:32:50:596784
10.07999990,2016-7-12 13:31:27:586944
10.11999990,2016-7-12 13:32:07:609234
10.11999990,2016-7-12 13:33:07:664669
10.11999990,2016-7-12 13:34:07:526092
9.35999966,2016-7-12 17:41:17:827337
9.39999962,2016-7-12 17:41:38:605526
9.47000027,2016-7-12 17:42:38:376944
9.46000004,2016-7-12 17:43:38:399377
9.44999981,2016-7-12 17:44:38:204798
9.56999969,2016-7-12 18:43:43:071553
9.60000038,2016-7-12 18:44:03:765736
9.65999985,2016-7-12 18:45:04:362202
9.64000034,2016-7-12 18:46:04:429638
9.60999966,2016-7-12 18:47:04:377067
9.56999969,2016-7-12 19:46:26:800826
9.56999969,2016-7-12 19:46:47:228994
9.56999969,2016-7-12 19:47:48:004470
9.55000019,2016-7-12 19:48:48:004902
9.53999996,2016-7-12 19:49:48:026335
9.25,2016-7-12 20:48:55:336230
9.43999958,2016-7-12 20:49:31:292286
9.46000004,2016-7-12 20:50:31:423726
9.46000004,2016-7-12 20:51:31:215146
9.44999981,2016-7-12 20:52:31:362586
9.22999954,2016-7-12 21:51:38:656479
9.40999985,2016-7-12 21:52:14:520531
9.40999985,2016-7-12 21:53:14:483960
9.39000034,2016-7-12 21:54:14:489393
9.40999985,2016-7-12 21:55:13:694779
9.02999973,2016-7-12 22:54:18:070506
9.36999989,2016-7-12 22:54:58:060793
9.35000038,2016-7-12 22:55:58:087226
9.36999989,2016-7-12 22:56:58:021654
9.34000015,2016-7-12 22:57:58:026086
9.42000008,2016-7-12 23:57:04:767948
9.40999985,2016-7-12 23:57:41:425045
9.43999958,2016-7-12 23:58:41:512482
9.43999958,2016-7-12 23:59:40:633863
9.40999985,2016-7-13 00:00:41:523346
9.27999973,2016-7-13 01:00:05:647202
9.28999996,2016-7-13 01:00:23:937248
9.28999996,2016-7-13 01:03:42:443602
9.19999981,2016-7-13 02:02:30:401390
9.18999958,2016-7-13 02:03:06:328445
9.21000004,2016-7-13 02:04:06:312876
9.18000031,2016-7-13 02:05:06:343309
9.17000008,2016-7-13 02:06:05:522694
9.23999977,2016-7-13 03:05:11:233497
9.23999977,2016-7-13 03:05:47:973599
9.25,2016-7-13 03:06:47:987031
9.26000023,2016-7-13 03:07:47:092412
9.23999977,2016-7-13 03:08:48:012896
9.15999985,2016-7-13 04:07:52:725642
9.18000031,2016-7-13 04:08:29:514747
9.17000008,2016-7-13 04:09:29:540180
9.13000011,2016-7-13 04:10:29:593615
9.10000038,2016-7-13 04:11:29:531043
9.09000015,2016-7-13 05:10:31:422627
9.11999989,2016-7-13 05:11:10:570867
9.13000011,2016-7-13 05:12:10:567298
9.11999989,2016-7-13 05:13:10:571730
9.10999966,2016-7-13 05:14:10:643166
9.05000019,2016-7-13 06:13:15:907944
9.06000042,2016-7-13 06:13:52:622044
9.03999996,2016-7-13 06:14:52:699480
9.03999996,2016-7-13 06:15:52:654909
9.02999973,2016-7-13 06:16:51:859295
9.21000004,2016-7-13 07:15:48:923604
9.21000004,2016-7-13 07:16:27:962837
9.21000004,2016-7-13 07:17:27:976269
9.18999958,2016-7-13 07:18:27:955700
9.18000031,2016-7-13 07:19:27:936131
9.26000023,2016-7-13 08:18:09:540555
9.27999973,2016-7-13 08:18:49:354832
9.27000046,2016-7-13 08:19:49:492272
9.26000023,2016-7-13 08:20:49:289692
9.27999973,2016-7-13 08:21:49:403130
9.27999973,2016-7-13 09:20:29:777484
9.69999981,2016-7-13 09:21:08:983727
9.76000023,2016-7-13 09:22:08:947156
9.81999969,2016-7-13 09:23:08:968589
9.69999981,2016-7-13 09:24:09:016024
9.85000038,2016-7-13 10:22:50:959468
9.97999954,2016-7-13 10:23:27:674568
9.96000004,2016-7-13 10:24:27:612996
9.93999958,2016-7-13 10:25:27:738435
9.93999958,2016-7-13 10:26:26:826815
10.05000020,2016-7-13 11:25:08:357235
10.27000050,2016-7-13 11:25:44:880324
10.35999970,2016-7-13 11:26:44:889756
10.35000040,2016-7-13 11:27:44:802183
10.39999960,2016-7-13 11:28:45:316644
10.32999990,2016-7-13 12:27:22:249801
10.35000040,2016-7-13 12:28:02:356095
10.38000010,2016-7-13 12:29:02:427531
10.34000020,2016-7-13 12:30:02:452964
10.31999970,2016-7-13 12:31:02:349390
10.18000030,2016-7-13 13:29:42:917755
10.36999990,2016-7-13 13:32:59:863020
10.39999960,2016-7-13 13:33:19:087119
10.51000020,2016-7-13 14:32:04:561765
10.52000050,2016-7-13 14:32:37:501649
10.52000050,2016-7-13 14:33:37:448078
9.52000046,2016-7-13 15:34:15:049136
9.44999981,2016-7-13 15:34:54:971420
9.56000042,2016-7-13 15:35:54:993853
9.51000023,2016-7-13 15:36:55:048288
9.43999958,2016-7-13 15:37:54:991716
9.80000019,2016-7-13 16:36:52:388044
9.77999973,2016-7-13 16:37:28:319099
9.85000038,2016-7-13 16:38:28:240526
9.82999992,2016-7-13 16:39:28:453970
9.84000015,2016-7-13 16:40:27:750362
9.06000042,2016-7-13 17:39:32:114088
9.40999985,2016-7-13 17:40:12:261384
9.38000011,2016-7-13 17:41:12:116808
9.38000011,2016-7-13 17:42:12:547264
9.38000011,2016-7-13 17:43:12:396687
9.38000011,2016-7-13 18:42:21:035658
9.39999962,2016-7-13 18:42:56:767702
9.42000008,2016-7-13 18:43:56:778134
9.43000031,2016-7-13 18:44:56:677560
9.43000031,2016-7-13 18:45:55:915948
9.31999969,2016-7-13 19:45:05:313962
9.47999954,2016-7-13 19:45:40:153955
9.47999954,2016-7-13 19:46:40:149387
9.47000027,2016-7-13 19:47:39:998810
9.42000008,2016-7-13 19:48:40:004242
