1.85000002,2016-5-17 21:11:47:518284
1.85000002,2016-5-17 21:11:52:784585
1.51999998,2016-5-17 21:12:52:806018
1.62,2016-5-17 21:13:52:769448
1.59000003,2016-5-17 21:14:52:795881
1.99000001,2016-5-17 21:21:42:878336
3.34999990,2016-5-17 21:22:22:579607
3.29999995,2016-5-17 21:23:22:559038
3.47000003,2016-5-17 21:25:24:506013
3.77999997,2016-5-17 21:25:42:309031
2.05999994,2016-5-17 21:28:02:780065
6.11000013,2016-5-17 21:28:31:694719
2.18000007,2016-5-17 21:33:02:159189
2.21000004,2016-5-17 21:33:40:590387
2.25999999,2016-5-17 21:34:41:036844
2.28999996,2016-5-17 21:35:41:070278
2.27999997,2016-5-17 21:36:40:208661
4.21999979,2016-5-17 22:35:57:089102
4.23999977,2016-5-17 22:36:30:870035
4.34000015,2016-5-17 22:37:30:857466
4.23000002,2016-5-17 22:38:30:953903
4.32999992,2016-5-17 22:39:30:932334
6.21999979,2016-5-17 23:38:42:286459
6.28000021,2016-5-17 23:39:21:137682
6.30000019,2016-5-17 23:40:21:039108
6.30999994,2016-5-17 23:41:21:502566
6.34000015,2016-5-17 23:42:21:468996
7.94999981,2016-5-18 00:41:32:487103
7.92999983,2016-5-18 00:42:11:326324
7.96000004,2016-5-18 00:43:11:313755
7.96000004,2016-5-18 00:44:11:331188
7.98000002,2016-5-18 00:45:11:302618
9.32999992,2016-5-18 01:44:22:743749
9.34000015,2016-5-18 01:45:01:687976
9.30000019,2016-5-18 01:46:01:705409
9.28999996,2016-5-18 01:47:01:730842
9.30000019,2016-5-18 01:48:01:839281
10.40999980,2016-5-18 02:47:13:113402
10.35999970,2016-5-18 02:47:52:168636
10.38000010,2016-5-18 02:48:52:140066
10.39999960,2016-5-18 02:49:54:877654
10.36999990,2016-5-18 02:50:52:190932
11.13000010,2016-5-18 03:50:04:042087
11.19999980,2016-5-18 03:50:43:024316
11.13000010,2016-5-18 03:51:43:195758
11.11999990,2016-5-18 03:52:42:979177
11.11999990,2016-5-18 03:53:43:000610
11.44999980,2016-5-18 04:52:54:035718
11.52999970,2016-5-18 04:53:33:183957
11.44999980,2016-5-18 04:54:33:138386
11.44999980,2016-5-18 04:55:33:243824
11.42000010,2016-5-18 04:56:33:145250
11.38000010,2016-5-18 05:55:43:988347
11.35000040,2016-5-18 05:56:23:786623
11.39000030,2016-5-18 05:57:23:837058
11.35999970,2016-5-18 05:58:23:792487
11.35000040,2016-5-18 05:59:23:096879
11.25,2016-5-18 06:58:35:639073
11.31000040,2016-5-18 06:59:14:607302
11.22999950,2016-5-18 07:00:14:570731
11.23999980,2016-5-18 07:01:14:710171
11.17000010,2016-5-18 07:02:14:707603
11.14999960,2016-5-18 08:01:27:162792
11.18000030,2016-5-18 08:02:05:077960
11.10999970,2016-5-18 08:03:05:025389
11.05000020,2016-5-18 08:04:04:246776
11.02000050,2016-5-18 08:05:05:243265
11.04,2016-5-18 09:04:15:963355
11.02999970,2016-5-18 09:04:55:653625
11.04,2016-5-18 09:05:55:631055
10.98999980,2016-5-18 09:06:57:468592
10.96,2016-5-18 09:07:54:806872
10.69999980,2016-5-18 10:07:07:588079
10.69999980,2016-5-18 10:07:46:411300
10.65999980,2016-5-18 10:08:46:357729
10.68000030,2016-5-18 10:09:46:354160
10.68000030,2016-5-18 10:10:46:375593
10.42000010,2016-5-18 11:09:58:322753
10.39000030,2016-5-18 11:10:37:419989
10.32999990,2016-5-18 11:11:37:408420
10.22999950,2016-5-18 11:12:37:446854
10.23999980,2016-5-18 11:13:36:634240
10.44999980,2016-5-18 12:12:50:042483
10.30000020,2016-5-18 12:13:28:548686
10.27000050,2016-5-18 12:14:28:245100
10.26000020,2016-5-18 12:15:29:999632
10.26000020,2016-5-18 12:16:27:370914
10.79,2016-5-18 13:15:40:105118
10.81999970,2016-5-18 13:16:18:928339
10.75,2016-5-18 13:17:18:724759
11.36999990,2016-5-18 14:18:29:317705
11.36999990,2016-5-18 14:19:08:931971
11.34000020,2016-5-18 14:20:08:937403
11.30000020,2016-5-18 14:21:08:933834
11.27000050,2016-5-18 14:22:09:122277
11.40999980,2016-5-18 15:21:54:237334
11.48999980,2016-5-18 15:21:59:841654
11.40999980,2016-5-18 15:22:59:208050
11.32999990,2016-5-18 15:24:00:026529
11.31000040,2016-5-18 15:24:59:997959
9.09000015,2016-6-13 13:09:52:531423
9.06000042,2016-6-13 13:09:53:335469
9.06999969,2016-6-13 13:10:31:379645
1.67999995,2016-6-13 13:15:26:485525
1.86000001,2016-6-13 13:16:05:583761
1.67999995,2016-6-13 13:17:05:421183
1.71000004,2016-6-13 13:18:05:421615
3.09999990,2016-6-13 13:19:05:394045
2.86999989,2016-6-13 13:21:38:410797
2.80999994,2016-6-13 13:22:19:392141
2.86999989,2016-6-13 13:23:19:998608
3.10999990,2016-6-13 13:24:19:985039
3.19000006,2016-6-13 13:25:19:131422
3.20000005,2016-6-13 13:27:08:742691
3.21000004,2016-6-13 13:27:48:006937
3.58999991,2016-6-13 13:28:48:698408
3.47000003,2016-6-13 13:29:47:797789
3.53999996,2016-6-13 13:30:47:702215
3.80999994,2016-6-13 13:33:57:436067
4.28999996,2016-6-13 13:34:16:515159
4.32999992,2016-6-13 13:35:17:332637
3.90000010,2016-6-13 13:36:17:410073
4.55000019,2016-6-13 13:48:18:596323
4.57000017,2016-6-13 13:48:52:831281
4.61999989,2016-6-13 13:49:52:885716
4.65999985,2016-6-13 13:50:52:174107
4.86000013,2016-6-13 13:51:52:920581
4.86000013,2016-6-13 13:53:34:782408
4.94000006,2016-6-13 13:54:14:813697
5.19000006,2016-6-13 13:55:14:832130
4.92999983,2016-6-13 13:56:13:895508
5.07000017,2016-6-13 13:57:14:728988
5.42999983,2016-6-13 13:59:37:637162
5.21000004,2016-6-13 14:00:10:527043
5.30000019,2016-6-13 14:01:10:650482
5.34999990,2016-6-13 14:02:09:655857
5.19000006,2016-6-13 14:03:11:011366
5.51999998,2016-6-13 14:08:02:676048
5.55999994,2016-6-13 14:08:40:415207
5.80000019,2016-6-13 14:09:40:678654
5.61000013,2016-6-13 14:10:40:650084
6.21000004,2016-6-13 14:20:43:226549
6.26000023,2016-6-13 14:21:22:224780
6.32000017,2016-6-13 14:22:22:237212
6.40000010,2016-6-13 14:23:21:417597
6.38000011,2016-6-13 14:24:22:189073
6.59000015,2016-6-13 14:29:28:581598
6.59999990,2016-6-13 14:30:08:111859
6.71999979,2016-6-13 14:31:07:567260
8.47999954,2016-6-13 15:30:16:539249
8.48999977,2016-6-13 15:30:55:620484
8.47999954,2016-6-13 15:31:55:657918
8.53999996,2016-6-13 15:32:55:834360
8.50,2016-6-13 15:33:55:996801
9.15999985,2016-6-13 16:06:25:916330
9.15999985,2016-6-13 16:06:27:883443
9.10000038,2016-6-13 16:07:21:607516
9.19999981,2016-6-13 16:10:41:315938
9.25,2016-6-13 16:11:20:115158
9.18000031,2016-6-13 16:12:20:021584
9.17000008,2016-6-13 16:13:20:033017
1.87,2016-6-14 14:35:43:330173
2.02999997,2016-6-14 14:35:50:786986
1.82000005,2016-6-14 14:36:29:428254
1.61000001,2016-6-14 14:37:31:126362
1.37,2016-6-14 15:07:19:383121
1.37,2016-6-14 15:07:20:287923
1.33000004,2016-6-14 15:08:21:290121
1.26999998,2016-6-14 15:09:35:238251
0.49000001,2016-6-14 15:45:33:967564
0.4600000080,2016-6-14 15:45:36:496709
0.5199999810,2016-6-14 15:46:33:843989
1.45000005,2016-6-14 15:55:22:645234
1.45000005,2016-6-14 15:55:38:423137
1.74000001,2016-6-14 15:56:08:963884
1.63999999,2016-6-14 15:57:10:947429
1.62,2016-6-14 15:58:08:952747
2.42000008,2016-6-14 16:57:14:221524
2.47000003,2016-6-14 16:57:30:204439
2.50999999,2016-6-14 16:58:30:075863
2.30999994,2016-6-14 16:59:30:259305
2.31999993,2016-6-14 17:00:30:241736
2.57999992,2016-6-14 18:00:00:030916
2.56999993,2016-6-14 18:00:05:564233
2.42000008,2016-6-14 18:01:06:117696
2.28999996,2016-6-14 18:02:02:947947
2.22000003,2016-6-14 18:03:03:885432
1.20000005,2016-6-14 19:02:41:473059
1.25999999,2016-6-14 19:02:47:072379
1.28999996,2016-6-14 19:03:46:203761
1.28999996,2016-6-14 19:04:47:063242
1.05999994,2016-6-14 19:05:47:082675
1.52999997,2016-6-14 20:05:33:107784
1.47000003,2016-6-14 20:05:33:927831
1.41999996,2016-6-14 20:06:31:851144
1.33000004,2016-6-14 20:07:31:814573
1.28999996,2016-6-14 20:08:31:828006
0.9100000260,2016-6-14 21:08:20:459264
0.8899999860,2016-6-14 21:08:21:385317
0.75999999,2016-6-14 21:09:18:381577
0.8000000120,2016-6-14 21:10:17:277946
0.8299999830,2016-6-14 21:11:17:121368
0.8500000240,2016-6-14 22:10:41:950265
0.7900000210,2016-6-14 22:11:01:339374
0.8299999830,2016-6-14 22:12:02:126851
0.8500000240,2016-6-14 22:13:02:257290
0.7900000210,2016-6-14 22:14:02:286724
1.25,2016-6-14 23:13:34:811060
1.10000002,2016-6-14 23:13:47:876808
1.14999998,2016-6-14 23:14:47:899241
1.05999994,2016-6-14 23:15:47:887672
1.01999998,2016-6-14 23:16:47:909105
1.24000001,2016-6-15 00:16:15:027132
1.21000004,2016-6-15 00:16:33:393183
1.20000005,2016-6-15 00:17:33:756635
1.13,2016-6-15 00:18:33:528054
1.17999995,2016-6-15 00:19:33:841504
1.34000003,2016-6-15 01:19:17:431473
1.34000003,2016-6-15 01:19:18:553538
1.16999996,2016-6-15 01:20:19:059998
1.25,2016-6-15 01:21:18:993426
1.13,2016-6-15 01:22:18:955856
1.26999998,2016-6-15 02:22:02:587828
1.25,2016-6-15 02:22:03:828899
1.23000002,2016-6-15 02:23:03:809330
1.37,2016-6-15 02:24:04:771817
1.21000004,2016-6-15 02:25:04:761248
1.50,2016-6-15 03:24:45:880076
1.55999994,2016-6-15 03:24:50:480339
1.38,2016-6-15 03:25:50:618779
1.38,2016-6-15 03:26:50:648212
1.33000004,2016-6-15 03:27:50:644644
1.29999995,2016-6-15 04:27:31:654466
1.28999996,2016-6-15 04:27:36:503743
1.21000004,2016-6-15 04:28:35:792135
1.28999996,2016-6-15 04:29:36:538609
1.13999999,2016-6-15 04:30:36:544041
1.30999994,2016-6-15 05:30:17:457858
1.26999998,2016-6-15 05:30:22:607152
1.19000006,2016-6-15 05:31:22:545581
1.20000005,2016-6-15 05:32:22:475008
1.28999996,2016-6-15 05:33:22:538444
1.30999994,2016-6-15 06:33:03:223247
1.22000003,2016-6-15 06:33:07:581496
1.17999995,2016-6-15 06:34:07:003895
1.12,2016-6-15 06:35:07:491355
1.07000005,2016-6-15 06:36:07:655796
1.21000004,2016-6-15 07:35:45:407432
1.25,2016-6-15 07:35:50:569727
1.12,2016-6-15 07:36:50:574159
1.20000005,2016-6-15 07:37:50:587592
1.19000006,2016-6-15 07:38:50:523020
1.29999995,2016-6-15 08:38:07:920491
1.32000005,2016-6-15 08:38:12:590758
1.35000002,2016-6-15 08:39:12:604191
1.19000006,2016-6-15 08:40:12:621624
1.29999995,2016-6-15 08:41:12:551052
1.29999995,2016-6-15 09:40:30:258541
1.29999995,2016-6-15 09:40:36:507898
1.17999995,2016-6-15 09:41:33:217142
1.05999994,2016-6-15 09:42:32:055507
1.07000005,2016-6-15 09:43:32:909988
1.35000002,2016-6-15 10:42:17:645060
1.19000006,2016-6-15 10:42:54:429925
1.25,2016-6-15 10:43:54:412030
1.12,2016-6-15 10:44:54:472136
0.9700000290,2016-6-15 10:45:54:750642
1.07000005,2016-6-15 11:46:37:874095
1.11000001,2016-6-15 11:47:12:194155
0.9700000290,2016-6-15 11:48:12:098261
1.09000003,2016-6-15 12:46:53:445645
1.08000004,2016-6-15 12:47:29:122908
0.99000001,2016-6-15 12:48:29:073813
1.02999997,2016-6-15 12:49:29:149519
0.9200000170,2016-6-15 12:50:29:084824
1.13999999,2016-6-15 13:49:31:507846
1.15999997,2016-6-15 13:49:51:522681
1.14999998,2016-6-15 13:50:52:549989
1.19000006,2016-6-15 13:51:52:610094
1.11000001,2016-6-15 13:52:52:576599
1.22000003,2016-6-15 14:52:55:400970
1.19000006,2016-6-15 14:53:36:298310
1.13,2016-6-15 14:54:43:557157
1.13999999,2016-6-15 14:55:49:531007
0.9399999980,2016-6-15 15:55:01:057382
1,2016-6-15 15:55:19:814455
0.9399999980,2016-6-15 15:56:20:540928
1.00999999,2016-6-15 15:57:20:103335
0.8999999760,2016-6-15 15:58:20:174771
1.02999997,2016-6-15 16:57:44:089615
1.24000001,2016-6-15 16:58:04:345774
1.25,2016-6-15 16:59:04:925239
1.26999998,2016-6-15 17:00:04:911670
1.14999998,2016-6-15 17:01:05:090112
1.46000004,2016-6-15 18:00:10:927922
1.42999995,2016-6-15 18:00:49:501128
1.38,2016-6-15 18:01:23:441070
1.38999999,2016-6-15 18:01:57:206001
1.38,2016-6-15 18:02:29:270835
1.44000006,2016-6-15 18:03:02:028709
1.34000003,2016-6-15 18:03:52:141575
1.40999997,2016-6-15 19:03:14:196313
1.39999998,2016-6-15 19:03:33:954443
1.34000003,2016-6-15 19:04:34:633913
1.25999999,2016-6-15 19:05:34:605344
1.33000004,2016-6-15 19:06:34:218753
1.45000005,2016-6-15 20:05:43:946786
1.48000002,2016-6-15 20:06:20:402871
1.44000006,2016-6-15 20:07:20:641317
1.33000004,2016-6-15 20:08:20:529742
1.33000004,2016-6-15 20:09:20:101149
1.32000005,2016-6-15 21:08:31:700289
1.34000003,2016-6-15 21:09:06:665289
1.23000002,2016-6-15 21:10:06:844731
1.38,2016-6-15 21:11:06:942169
1.21000004,2016-6-15 21:12:06:655584
1.33000004,2016-6-15 22:11:47:238382
1.29999995,2016-6-15 22:11:52:687693
1.15999997,2016-6-15 22:12:51:860078
1.28999996,2016-6-15 22:13:52:606552
1.22000003,2016-6-15 22:14:52:443975
1.29999995,2016-6-15 23:14:37:557032
1.29999995,2016-6-15 23:14:38:483085
1.15999997,2016-6-15 23:15:38:512518
1.25,2016-6-15 23:16:38:542952
1.17999995,2016-6-15 23:17:38:489380
1.36000001,2016-6-16 00:17:19:977230
1.34000003,2016-6-16 00:17:24:763503
1.29999995,2016-6-16 00:18:24:826939
1.12,2016-6-16 00:19:24:673362
1.25999999,2016-6-16 00:20:24:794801
1.28999996,2016-6-16 01:20:09:510835
1.28999996,2016-6-16 01:20:10:361883
1.25999999,2016-6-16 01:21:11:090357
1.20000005,2016-6-16 01:22:11:103789
1.17999995,2016-6-16 01:23:11:100221
1.29999995,2016-6-16 02:22:20:642243
1.30999994,2016-6-16 02:22:57:439348
1.27999997,2016-6-16 02:23:57:419779
1.28999996,2016-6-16 02:24:57:682225
1.23000002,2016-6-16 02:25:56:771605
1.52999997,2016-6-16 03:25:04:244509
1.53999996,2016-6-16 03:25:44:269798
1.41999996,2016-6-16 03:26:44:457241
1.49000001,2016-6-16 03:27:44:272662
1.44000006,2016-6-16 03:28:44:549110
1.62,2016-6-16 04:27:53:131077
1.46000004,2016-6-16 04:28:30:471213
1.45000005,2016-6-16 04:29:30:495646
1.55999994,2016-6-16 04:30:30:525079
1.34000003,2016-6-16 04:31:30:426505
1.64999998,2016-6-16 05:30:40:666568
1.51999998,2016-6-16 05:31:16:476616
1.34000003,2016-6-16 05:32:16:581054
1.36000001,2016-6-16 05:33:16:486480
1.46000004,2016-6-16 05:34:16:433909
1.50999999,2016-6-16 06:33:28:642083
1.38999999,2016-6-16 06:34:02:532022
1.36000001,2016-6-16 06:35:02:637460
1.38,2016-6-16 06:36:02:475882
1.35000002,2016-6-16 06:37:02:694327
1.45000005,2016-6-16 07:36:41:426018
1.35000002,2016-6-16 07:36:47:226350
1.48000002,2016-6-16 07:37:50:325959
1.29999995,2016-6-16 07:38:47:214213
1.29999995,2016-6-16 07:39:47:243646
1.58000004,2016-6-16 08:39:01:283926
1.57000005,2016-6-16 08:39:30:340588
1.58000004,2016-6-16 08:40:52:903310
1.50,2016-6-16 08:41:30:409455
1.19000006,2016-6-16 08:42:18:498206
1.24000001,2016-6-16 08:42:30:322882
1.63999999,2016-6-16 09:42:08:445539
1.55999994,2016-6-16 09:42:14:021858
1.46000004,2016-6-16 09:43:14:102295
1.40999997,2016-6-16 09:44:14:260735
1.32000005,2016-6-16 09:45:10:826971
1.35000002,2016-6-16 09:45:20:048498
1.21000004,2016-6-16 10:44:19:856964
1.26999998,2016-6-16 10:44:54:287933
1.37,2016-6-16 10:45:54:910400
1.36000001,2016-6-16 10:46:54:156789
1.40999997,2016-6-16 10:47:54:844260
1.40999997,2016-6-16 11:46:42:518032
1.24000001,2016-6-16 11:47:16:398970
1.19000006,2016-6-16 11:48:16:504407
1.16999996,2016-6-16 11:49:16:716851
1.24000001,2016-6-16 11:50:16:447268
1.29999995,2016-6-16 12:49:31:099582
1.29999995,2016-6-16 12:49:36:448888
1.25,2016-6-16 12:50:36:462321
1.07000005,2016-6-16 12:51:36:400749
1.28999996,2016-6-16 12:52:36:688197
1.47000003,2016-6-16 13:51:50:664473
1.38999999,2016-6-16 13:51:56:280794
1.59000003,2016-6-16 13:52:56:602245
1.29999995,2016-6-16 13:53:56:494670
1.13,2016-6-16 13:54:56:524104
1.74000001,2016-6-16 14:53:56:638587
1.49000001,2016-6-16 14:54:16:379716
1.41999996,2016-6-16 14:55:16:838174
1.55999994,2016-6-16 14:56:16:847606
1.40999997,2016-6-16 14:57:15:934986
2.34999990,2016-6-16 15:56:04:664818
2.26999998,2016-6-16 15:56:38:575757
2.07999992,2016-6-16 15:57:38:255171
1.74000001,2016-6-16 15:58:38:589622
2.28999996,2016-6-16 15:59:38:244034
1.73000002,2016-6-16 16:59:01:222824
1.71000004,2016-6-16 16:59:06:714138
1.87,2016-6-16 17:00:06:715570
1.76999998,2016-6-16 17:01:06:794007
1.78999996,2016-6-16 17:02:06:872443
1.17999995,2016-6-16 18:01:50:944440
1.17999995,2016-6-16 18:01:51:995500
1.33000004,2016-6-16 18:02:53:370011
1.25,2016-6-16 18:03:50:225263
1.17999995,2016-6-16 18:04:34:072770
1.20000005,2016-6-16 18:05:18:416307
1.42999995,2016-6-16 19:04:07:918183
1.39999998,2016-6-16 19:04:36:232802
1.42999995,2016-6-16 19:05:34:584140
1.39999998,2016-6-16 19:06:34:313556
1.28999996,2016-6-16 19:07:34:674008
1.57000005,2016-6-16 20:06:43:394984
1.54999995,2016-6-16 20:07:19:097026
1.49000001,2016-6-16 20:08:30:372102
1.53999996,2016-6-16 20:09:19:052887
1.79999995,2016-6-16 20:10:24:490630
1.88,2016-6-16 21:09:26:811239
1.83000004,2016-6-16 21:10:03:346328
1.79999995,2016-6-16 21:11:03:263756
1.72000003,2016-6-16 21:12:03:252187
1.77999997,2016-6-16 21:13:03:372625
1.75,2016-6-16 22:12:08:623402
1.66999996,2016-6-16 22:12:48:558686
1.52999997,2016-6-16 22:13:48:551118
1.37,2016-6-16 22:14:35:439800
1.45000005,2016-6-16 22:14:48:697558
1.42999995,2016-6-16 22:15:57:587498
1.26999998,2016-6-16 23:15:31:743928
1.19000006,2016-6-16 23:15:42:643552
1.14999998,2016-6-16 23:16:37:498689
1.15999997,2016-6-16 23:18:19:434520
1.07000005,2016-6-16 23:18:37:025526
1.20000005,2016-6-17 00:18:13:139068
1.24000001,2016-6-17 00:18:18:400369
1.09000003,2016-6-17 00:20:11:808855
1.13999999,2016-6-17 00:20:18:293226
1.09000003,2016-6-17 00:21:24:064988
1.11000001,2016-6-17 00:22:04:104278
1.12,2016-6-17 01:20:27:125640
1.19000006,2016-6-17 01:21:03:990748
1.13,2016-6-17 01:22:03:937177
0.9700000290,2016-6-17 01:23:03:987612
0.9599999790,2016-6-17 01:24:03:922040
1.22000003,2016-6-17 02:23:17:427288
1.20000005,2016-6-17 02:23:49:351114
1.11000001,2016-6-17 02:24:49:013527
1.22000003,2016-6-17 02:25:49:259973
1.02999997,2016-6-17 02:26:49:898441
1.21000004,2016-6-17 03:26:29:581187
1.16999996,2016-6-17 03:26:35:005497
1.04999995,2016-6-17 03:27:34:278888
1.03999996,2016-6-17 03:28:35:025362
1.13999999,2016-6-17 03:29:34:962790
1.14999998,2016-6-17 04:28:47:400978
1.36000001,2016-6-17 04:29:21:090905
1.23000002,2016-6-17 04:30:21:128339
1.19000006,2016-6-17 04:31:20:392729
1.13,2016-6-17 04:32:20:932192
1.10000002,2016-6-17 05:31:29:618165
1.12,2016-6-17 05:32:06:498274
0.9499999880,2016-6-17 05:33:06:520707
1.01999998,2016-6-17 05:34:05:717093
0.9300000070,2016-6-17 05:35:06:538572
1.13999999,2016-6-17 06:34:20:540849
1.33000004,2016-6-17 06:34:52:282665
1.00999999,2016-6-17 06:35:52:198092
1.17999995,2016-6-17 06:36:51:661493
0.9399999980,2016-6-17 06:37:24:584376
1,2016-6-17 06:37:52:149953
1.13,2016-6-17 07:36:55:608627
1.13,2016-6-17 07:37:35:330899
0.99000001,2016-6-17 07:38:35:360332
0.9100000260,2016-6-17 07:39:35:381765
1.03999996,2016-6-17 07:40:35:320194
1.26999998,2016-6-17 08:39:54:543770
1.26999998,2016-6-17 08:39:55:910848
1.11000001,2016-6-17 08:40:56:478312
1.13999999,2016-6-17 08:41:56:420741
1.13,2016-6-17 08:42:56:367169
1.12,2016-6-17 09:41:38:236609
1.26999998,2016-6-17 09:42:15:922764
1.13999999,2016-6-17 09:43:15:723185
1.07000005,2016-6-17 09:44:20:606896
1.05999994,2016-6-17 09:45:15:166016
1.21000004,2016-6-17 10:44:06:390991
1.16999996,2016-6-17 10:46:27:986090
1.11000001,2016-6-17 10:46:35:302508
1.05999994,2016-6-17 11:47:25:305276
0.9800000190,2016-6-17 11:47:55:419999
1.05999994,2016-6-17 11:48:53:468319
1.09000003,2016-6-17 11:49:54:310799
0.9800000190,2016-6-17 12:50:22:939345
1.04999995,2016-6-17 12:50:59:753450
1.13,2016-6-17 12:51:16:236393
1.00999999,2016-6-17 12:52:32:276742
1.11000001,2016-6-17 14:53:34:209101
0.8000000120,2016-6-17 14:53:54:817280
0.99000001,2016-6-17 14:54:52:385573
0.9300000070,2016-6-17 14:55:52:006983
0.9800000190,2016-6-17 14:56:51:980413
0.9100000260,2016-6-17 15:56:04:759620
0.8899999860,2016-6-17 15:56:09:559895
0.8899999860,2016-6-17 15:57:08:606272
0.7300000190,2016-6-17 15:58:09:560759
0.8899999860,2016-6-17 15:59:09:407182
0.9100000260,2016-6-17 16:58:05:634442
0.7300000190,2016-6-17 16:58:42:307540
0.8500000240,2016-6-17 17:00:12:459696
0.8399999740,2016-6-17 17:00:42:299403
0.9800000190,2016-6-17 17:01:41:712801
0.8799999950,2016-6-17 18:01:11:242967
0.9700000290,2016-6-17 18:01:17:430320
0.8999999760,2016-6-17 18:02:17:685767
0.7099999790,2016-6-17 18:03:43:210659
0.74000001,2016-6-17 18:04:17:274607
0.8399999740,2016-6-17 19:03:57:820402
0.8399999740,2016-6-17 19:03:58:636449
0.8899999860,2016-6-17 19:05:00:816006
0.6299999950,2016-6-17 19:06:14:579225
0.6399999860,2016-6-17 19:06:58:717749
0.5899999740,2016-6-17 19:07:37:141947
0.9800000190,2016-6-17 20:06:43:618794
0.8500000240,2016-6-17 20:07:43:903242
0.8500000240,2016-6-17 20:08:52:965192
0.8500000240,2016-6-17 20:09:14:305413
0.9599999790,2016-6-17 20:09:40:212894
1.09000003,2016-6-17 21:08:48:347836
1.19000006,2016-6-17 21:09:24:578908
0.9300000070,2016-6-17 21:10:24:550339
0.9700000290,2016-6-17 21:11:26:089858
0.8700000050,2016-6-17 21:12:24:549202
0.9300000070,2016-6-17 22:12:07:567139
0.9300000070,2016-6-17 22:12:08:533194
0.8600000140,2016-6-17 22:12:41:673090
0.8899999860,2016-6-17 22:13:09:271668
0.8399999740,2016-6-17 22:15:10:858623
0.8399999740,2016-6-17 22:15:12:030690
0.8000000120,2016-6-17 22:15:44:579551
0.9100000260,2016-6-17 23:14:35:389502
0.8000000120,2016-6-17 23:14:54:734609
0.8700000050,2016-6-17 23:15:55:748098
0.8199999930,2016-6-17 23:16:53:081378
0.8299999830,2016-6-17 23:17:30:417513
0.7900000210,2016-6-17 23:17:53:123812
0.9599999790,2016-6-18 00:17:32:281528
1.09000003,2016-6-18 00:17:37:600832
1.00999999,2016-6-18 00:18:37:540261
1,2016-6-18 00:19:37:537692
1.13,2016-6-18 00:20:37:595127
1.13999999,2016-6-18 01:19:52:536458
1.00999999,2016-6-18 01:20:22:318162
1.05999994,2016-6-18 01:21:22:389598
0.8700000050,2016-6-18 01:22:23:636101
0.8799999950,2016-6-18 01:23:22:345459
1.05999994,2016-6-18 02:23:07:580523
1.05999994,2016-6-18 02:23:08:709587
1.07000005,2016-6-18 02:24:06:743907
1.13,2016-6-18 03:25:46:527522
1.14999998,2016-6-18 03:25:52:102841
1.11000001,2016-6-18 03:26:51:978266
0.9800000190,2016-6-18 03:27:51:945696
0.9599999790,2016-6-18 03:28:52:092136
1.13999999,2016-6-18 04:28:05:785395
0.8999999760,2016-6-18 04:28:37:700221
0.8700000050,2016-6-18 04:29:37:710653
1.04999995,2016-6-18 04:30:37:447070
0.9100000260,2016-6-18 04:31:37:503505
1.05999994,2016-6-18 05:30:48:141590
1.03999996,2016-6-18 05:31:21:694509
0.99000001,2016-6-18 05:32:21:756944
0.8199999930,2016-6-18 05:33:21:733375
0.7900000210,2016-6-18 05:34:21:533795
0.8799999950,2016-6-18 06:33:33:130935
0.8399999740,2016-6-18 06:34:04:741743
0.7900000210,2016-6-18 06:35:04:750175
0.8299999830,2016-6-18 06:36:04:744607
0.74000001,2016-6-18 06:37:04:752039
1.22000003,2016-6-18 07:36:42:459672
1.23000002,2016-6-18 07:36:47:990988
1.14999998,2016-6-18 07:37:47:295380
1.11000001,2016-6-18 07:39:28:889191
1,2016-6-18 07:39:55:487713
1.12,2016-6-18 08:38:54:900155
1.05999994,2016-6-18 08:39:32:198289
1.08000004,2016-6-18 08:40:12:262580
1.11000001,2016-6-18 08:40:52:743896
0.9800000190,2016-6-18 08:41:25:199752
1.13,2016-6-18 08:41:58:306646
1.00999999,2016-6-18 08:42:34:104693
1.12,2016-6-18 09:42:02:480793
1.03999996,2016-6-18 09:42:06:252008
1.02999997,2016-6-18 09:42:57:814958
1.01999998,2016-6-18 09:43:07:531513
0.9800000190,2016-6-18 09:44:06:069862
0.9200000170,2016-6-18 09:45:22:012205
1,2016-6-18 10:44:43:424906
1,2016-6-18 10:44:44:249954
0.9800000190,2016-6-18 10:45:45:235442
0.9700000290,2016-6-18 10:46:45:148869
0.8799999950,2016-6-18 10:47:45:116299
1.10000002,2016-6-18 11:46:38:282384
1.13,2016-6-18 11:47:19:496741
1,2016-6-18 11:48:14:289875
0.99000001,2016-6-18 11:49:14:273306
1.08000004,2016-6-18 11:50:25:435376
0.9800000190,2016-6-18 12:48:57:429251
1,2016-6-18 12:49:34:286359
0.9300000070,2016-6-18 12:50:12:125523
0.8500000240,2016-6-18 12:50:33:465744
1.01999998,2016-6-18 12:51:12:354968
0.8399999740,2016-6-18 12:51:44:811825
0.8399999740,2016-6-18 12:52:55:891890
0.9499999880,2016-6-18 13:51:17:492170
0.74000001,2016-6-18 13:51:53:719242
0.75999999,2016-6-18 13:52:53:669671
0.7699999810,2016-6-18 13:53:53:757108
0.8500000240,2016-6-18 13:54:53:653534
1.15999997,2016-6-18 14:53:35:919996
0.9599999790,2016-6-18 14:54:12:706100
1.02999997,2016-6-18 14:55:12:698532
0.8199999930,2016-6-18 14:56:12:702964
0.8399999740,2016-6-18 14:57:11:953353
0.9499999880,2016-6-18 15:55:55:866909
0.8999999760,2016-6-18 15:56:31:514948
0.8799999950,2016-6-18 15:57:31:519380
0.8100000020,2016-6-18 15:58:31:508811
0.8799999950,2016-6-18 15:59:31:475241
1.13,2016-6-18 16:58:12:046606
0.9399999980,2016-6-18 16:58:51:127842
0.9200000170,2016-6-18 16:59:51:408289
0.8600000140,2016-6-18 17:00:51:345718
1.11000001,2016-6-18 17:01:51:305147
1.33000004,2016-6-18 18:01:07:231534
1.36000001,2016-6-18 18:01:10:681732
1.21000004,2016-6-18 18:02:09:462094
1.12,2016-6-18 18:03:10:366577
1.16999996,2016-6-18 18:04:10:329007
0.9399999980,2016-6-18 19:03:40:035183
0.8999999760,2016-6-18 19:03:45:127474
0.8500000240,2016-6-18 19:04:45:229911
1.20000005,2016-6-18 19:05:45:021331
1.11000001,2016-6-18 19:06:45:350782
1.01999998,2016-6-18 20:06:21:853346
0.9599999790,2016-6-18 20:06:27:236654
1.13,2016-6-18 20:07:24:390923
1.13,2016-6-18 20:07:26:794061
1.05999994,2016-6-18 20:08:33:696887
1.04999995,2016-6-18 20:09:27:301953
1,2016-6-18 21:09:05:597620
1.04999995,2016-6-18 21:09:19:455413
1.07000005,2016-6-18 21:10:08:794235
0.9700000290,2016-6-18 21:10:48:775522
1,2016-6-18 21:11:17:079140
0.9200000170,2016-6-18 21:12:09:722151
0.9499999880,2016-6-18 22:11:19:791204
0.9300000070,2016-6-18 22:12:11:254147
0.99000001,2016-6-18 22:12:49:283322
0.99000001,2016-6-18 22:12:53:303552
0.8399999740,2016-6-18 22:13:53:316985
0.9800000190,2016-6-18 22:14:33:106261
0.9599999790,2016-6-18 22:14:52:460368
1.08000004,2016-6-18 23:14:32:633142
1.11000001,2016-6-18 23:14:37:250406
1.07000005,2016-6-18 23:15:37:204835
1.05999994,2016-6-18 23:16:37:103261
0.9499999880,2016-6-18 23:17:37:082692
1.13999999,2016-6-19 00:17:16:826441
1.12,2016-6-19 00:17:21:400703
1.04999995,2016-6-19 00:18:21:447138
1.07000005,2016-6-19 00:19:21:403567
0.99000001,2016-6-19 00:20:16:090695
0.9800000190,2016-6-19 00:20:21:716017
1,2016-6-19 00:21:01:313281
1.08000004,2016-6-19 01:20:00:845731
1.09000003,2016-6-19 01:20:05:262984
1.08000004,2016-6-19 01:21:17:930140
0.9800000190,2016-6-19 01:22:05:293849
0.9700000290,2016-6-19 01:23:04:598241
1.07000005,2016-6-19 02:22:17:495455
1,2016-6-19 02:22:50:097320
1.04999995,2016-6-19 02:23:50:060750
0.99000001,2016-6-19 02:24:50:078182
0.9200000170,2016-6-19 02:25:50:116616
1.07000005,2016-6-19 03:25:28:602294
1.07000005,2016-6-19 03:25:34:089608
0.9700000290,2016-6-19 03:26:34:223047
2.36999989,2016-6-19 03:27:34:224479
0.9399999980,2016-6-19 03:28:34:215911
1.10000002,2016-6-19 04:27:41:750818
1.08000004,2016-6-19 04:28:18:481919
0.99000001,2016-6-19 04:29:18:466350
1.02999997,2016-6-19 04:30:18:503784
0.9800000190,2016-6-19 04:31:17:939183
1.12,2016-6-19 05:30:57:969949
1.08000004,2016-6-19 05:31:02:765224
1.05999994,2016-6-19 05:32:01:965610
0.9700000290,2016-6-19 05:33:02:850092
1.00999999,2016-6-19 05:34:02:817522
1.11000001,2016-6-19 06:33:40:615160
1.11000001,2016-6-19 06:33:46:190479
1.09000003,2016-6-19 06:34:46:253915
1.13,2016-6-19 06:35:46:433357
0.99000001,2016-6-19 06:36:46:325782
1.12,2016-6-19 07:36:23:798402
1.13,2016-6-19 07:36:28:452668
1.08000004,2016-6-19 07:37:29:749174
1.10000002,2016-6-19 07:38:29:436588
1.02999997,2016-6-19 07:39:29:334014
1.01999998,2016-6-19 08:39:01:515331
1.10000002,2016-6-19 08:39:05:016531
0.9800000190,2016-6-19 08:40:04:011906
1.13999999,2016-6-19 08:40:58:392016
1.08000004,2016-6-19 08:41:57:688408
1.00999999,2016-6-19 09:40:43:826091
1.02999997,2016-6-19 09:41:17:766032
1.07000005,2016-6-19 09:42:17:570453
0.9599999790,2016-6-19 09:43:17:583886
0.9300000070,2016-6-19 09:44:17:605319
1.17999995,2016-6-19 10:43:03:872010
1.02999997,2016-6-19 10:43:37:453930
1.04999995,2016-6-19 10:44:37:726378
0.9499999880,2016-6-19 10:45:37:438793
1,2016-6-19 10:46:37:485228
0.99000001,2016-6-19 11:45:57:227833
1.01999998,2016-6-19 11:45:58:060881
0.8799999950,2016-6-19 11:47:02:482566
0.8799999950,2016-6-19 11:48:03:570060
0.9200000170,2016-6-19 11:48:56:881109
0.7099999790,2016-6-19 12:48:09:493307
0.6800000070,2016-6-19 12:48:14:252579
0.6000000240,2016-6-19 12:49:14:138004
0.6600000260,2016-6-19 12:50:14:129435
0.6100000140,2016-6-19 12:51:14:271875
0.6000000240,2016-6-19 13:51:24:710381
0.6100000140,2016-6-19 13:51:32:659835
0.6899999980,2016-6-19 13:52:32:673268
0.6000000240,2016-6-19 13:53:32:660699
0.5699999930,2016-6-19 14:52:49:596144
0.5600000020,2016-6-19 14:52:50:847216
0.6100000140,2016-6-19 14:53:51:147665
0.4000000060,2016-6-19 14:54:51:186099
0.6100000140,2016-6-19 14:55:51:207532
0.6200000050,2016-6-19 15:56:23:382280
0.5600000020,2016-6-19 15:57:10:211959
0.5299999710,2016-6-19 15:58:10:229391
0.6600000260,2016-6-19 16:57:24:329674
0.6499999760,2016-6-19 16:57:29:966997
0.6999999880,2016-6-19 16:58:30:313448
0.6899999980,2016-6-19 16:59:30:218875
0.5899999740,2016-6-19 17:00:30:173304
0.8399999740,2016-6-19 18:00:02:759644
0.8700000050,2016-6-19 18:00:05:355793
0.6399999860,2016-6-19 18:01:06:329280
0.5400000210,2016-6-19 18:02:06:281709
0.5199999810,2016-6-19 18:03:06:265140
1.07000005,2016-6-19 19:02:45:556864
1.00999999,2016-6-19 19:02:49:282077
0.9700000290,2016-6-19 19:03:48:421460
1.01999998,2016-6-19 19:04:49:207936
0.9800000190,2016-6-19 19:05:49:267372
0.7300000190,2016-6-19 20:05:19:099554
0.6999999880,2016-6-19 20:05:38:781680
0.6899999980,2016-6-19 20:08:18:454813
0.6299999950,2016-6-19 20:08:34:587736
0.49000001,2016-6-19 20:09:10:292778
0.9700000290,2016-6-19 21:08:10:375259
0.9700000290,2016-6-19 21:08:12:258367
0.7099999790,2016-6-19 21:09:12:500812
0.6499999760,2016-6-19 21:10:12:760259
0.7300000190,2016-6-19 21:11:12:760691
0.6399999860,2016-6-19 22:12:29:976015
0.7300000190,2016-6-19 22:12:53:916385
0.6899999980,2016-6-19 22:13:53:596798
0.75999999,2016-6-20 00:16:13:349608
0.75,2016-6-20 00:16:17:841865
0.6899999980,2016-6-20 00:17:17:008249
0.8600000140,2016-6-20 00:18:17:826728
0.6899999980,2016-6-20 00:19:17:823159
0.7099999790,2016-6-20 03:24:28:585659
0.7099999790,2016-6-20 03:24:29:702723
0.5899999740,2016-6-20 03:25:29:841162
0.6800000070,2016-6-20 03:26:29:821593
0.6499999760,2016-6-20 03:27:29:794023
0.6600000260,2016-6-20 07:36:28:680479
0.6200000050,2016-6-20 07:37:16:536216
0.6100000140,2016-6-20 07:38:16:181627
0.4799999890,2016-6-20 08:40:03:513675
0.7200000290,2016-6-20 08:40:35:307493
0.6399999860,2016-6-20 09:41:21:449040
0.6499999760,2016-6-20 09:41:54:679941
0.7900000210,2016-6-20 09:42:53:468304
0.6800000070,2016-6-20 10:41:44:523268
0.6399999860,2016-6-20 10:42:12:082845
0.6700000170,2016-6-20 10:43:12:312290
0.6000000240,2016-6-20 10:44:11:667685
0.6899999980,2016-6-20 10:45:12:020137
0.6399999860,2016-6-20 11:44:38:309117
0.6000000240,2016-6-20 11:46:08:615282
0.6000000240,2016-6-20 11:46:10:378383
0.6600000260,2016-6-20 11:46:29:685487
0.6299999950,2016-6-20 11:47:29:790925
0.4499999880,2016-6-20 12:46:40:831033
0.6600000260,2016-6-20 12:46:46:305346
0.5400000210,2016-6-20 12:47:46:327779
0.6600000260,2016-6-20 12:48:46:324211
0.6299999950,2016-6-20 12:49:46:749667
0.7200000290,2016-6-20 13:48:40:346777
0.6700000170,2016-6-20 13:49:02:854064
0.7300000190,2016-6-20 13:50:02:842495
0.7099999790,2016-6-20 13:51:02:975935
0.4000000060,2016-6-20 13:52:02:839359
0.6299999950,2016-6-20 14:51:33:135568
0.6499999760,2016-6-20 14:53:54:885676
0.6299999950,2016-6-20 14:54:19:384077
0.6399999860,2016-6-20 15:53:21:354666
0.4699999990,2016-6-20 15:53:36:570536
0.6600000260,2016-6-20 15:55:36:589401
0.7200000290,2016-6-20 15:56:36:615834
0.6700000170,2016-6-20 16:55:19:094309
0.5799999830,2016-6-20 16:55:55:596396
0.6499999760,2016-6-20 16:56:55:517824
0.5600000020,2016-6-20 16:57:55:589260
0.6100000140,2016-6-20 16:58:54:885651
0.6600000260,2016-6-20 17:57:59:726404
0.6700000170,2016-6-20 17:58:38:754637
0.6299999950,2016-6-20 17:59:38:730067
0.6800000070,2016-6-20 18:00:38:751500
0.50999999,2016-6-20 18:01:38:913941
0.6700000170,2016-6-20 19:01:22:308900
0.6200000050,2016-6-20 19:01:23:823986
0.5400000210,2016-6-20 19:02:22:787359
0.5500000120,2016-6-20 19:03:22:447771
0.4799999890,2016-6-20 19:04:21:547152
0.6100000140,2016-6-20 20:04:03:617034
0.6100000140,2016-6-20 20:04:04:467083
0.5400000210,2016-6-20 20:05:05:321564
0.6000000240,2016-6-20 20:06:05:318995
0.50999999,2016-6-20 20:07:05:333428
0.6700000170,2016-6-20 21:06:11:410252
0.6100000140,2016-6-20 21:06:48:291361
0.5299999710,2016-6-20 21:07:48:071781
0.5899999740,2016-6-20 21:08:48:066212
0.5899999740,2016-6-20 21:09:47:156592
0.50999999,2016-6-20 22:09:24:776220
0.49000001,2016-6-20 22:09:29:584495
0.5199999810,2016-6-20 22:10:29:613928
0.4099999960,2016-6-20 22:11:29:552357
0.3799999950,2016-6-20 22:12:29:581790
0.4300000070,2016-6-20 23:11:35:405600
0.25,2016-6-20 23:12:11:186646
0.2800000010,2016-6-20 23:13:11:226080
0.3400000040,2016-6-20 23:14:11:204511
0.2300000040,2016-6-20 23:15:11:101937
0.4499999880,2016-6-21 00:14:17:819798
0.5600000020,2016-6-21 00:14:52:959807
0.6200000050,2016-6-21 00:15:52:860234
0.3600000140,2016-6-21 00:16:52:853665
0.6499999760,2016-6-21 00:17:52:903100
0.3400000040,2016-6-21 01:18:29:831120
0.3100000020,2016-6-21 01:18:36:115479
0.2899999920,2016-6-21 01:19:36:020906
0.3300000130,2016-6-21 01:20:36:075341
0.4799999890,2016-6-21 02:21:13:315379
0.50,2016-6-21 02:21:19:440729
0.5199999810,2016-6-21 02:22:18:492107
0.50,2016-6-21 02:23:19:355588
0.50,2016-6-21 03:22:57:880268
0.49000001,2016-6-21 03:23:03:505590
0.6399999860,2016-6-21 03:24:02:514965
0.6200000050,2016-6-21 03:25:03:386446
0.5400000210,2016-6-21 03:26:03:344876
0.6600000260,2016-6-21 04:25:11:711831
0.6299999950,2016-6-21 04:25:47:404872
0.6000000240,2016-6-21 04:26:47:580314
0.6299999950,2016-6-21 04:27:47:610748
0.6100000140,2016-6-21 04:28:47:599179
0.7200000290,2016-6-21 05:27:56:694176
0.6600000260,2016-6-21 05:28:32:434220
0.6399999860,2016-6-21 05:29:32:430651
0.3899999860,2016-6-21 05:30:32:469085
0.4699999990,2016-6-21 05:31:31:569466
0.4799999890,2016-6-21 06:31:08:442051
0.4799999890,2016-6-21 06:31:13:974368
0.50,2016-6-21 06:32:14:371822
0.5600000020,2016-6-21 06:33:14:335252
0.3700000050,2016-6-21 06:34:14:331683
0.50999999,2016-6-21 07:33:21:341561
0.5400000210,2016-6-21 07:33:57:990657
0.4699999990,2016-6-21 07:34:57:866082
0.4199999870,2016-6-21 07:35:57:883514
0.3600000140,2016-6-21 07:36:57:226909
0.4600000080,2016-6-21 09:38:22:942628
0.6600000260,2016-6-21 09:38:44:899884
0.5600000020,2016-6-21 09:39:44:688303
0.4799999890,2016-6-21 09:40:44:301713
0.4399999980,2016-6-21 09:41:44:710168
0.6499999760,2016-6-21 10:40:52:861111
0.6899999980,2016-6-21 10:41:03:177701
0.6000000240,2016-6-21 10:42:03:199134
0.6000000240,2016-6-21 10:43:03:195566
0.6499999760,2016-6-21 10:44:03:066990
0.5500000120,2016-6-21 11:43:23:157616
0.5500000120,2016-6-21 11:43:30:157016
0.5400000210,2016-6-21 11:45:27:699739
0.50,2016-6-21 11:46:21:130795
0.4099999960,2016-6-21 12:45:34:017009
0.4799999890,2016-6-21 12:45:38:485264
0.5699999930,2016-6-21 12:46:37:823658
0.5299999710,2016-6-21 12:47:38:568132
0.5400000210,2016-6-21 12:48:38:584565
0.4699999990,2016-6-21 13:47:51:126759
0.4600000080,2016-6-21 13:47:55:360001
0.3899999860,2016-6-21 13:48:55:306430
0.4199999870,2016-6-21 13:49:55:285860
0.50999999,2016-6-21 13:51:02:673715
0.6299999950,2016-6-21 14:49:36:586699
0.5699999930,2016-6-21 14:50:12:392747
0.6299999950,2016-6-21 14:51:12:263172
0.5500000120,2016-6-21 14:52:12:377610
0.4399999980,2016-6-21 14:53:12:299037
0.5799999830,2016-6-21 15:52:12:267512
0.6999999880,2016-6-21 15:52:29:032471
0.5600000020,2016-6-21 15:53:29:012901
0.49000001,2016-6-21 15:54:29:125340
0.6000000240,2016-6-21 15:55:28:456733
0.5500000120,2016-6-21 16:54:42:214997
0.8199999930,2016-6-21 16:54:47:239284
0.5400000210,2016-6-21 16:55:49:431841
0.6700000170,2016-6-21 16:56:47:369155
0.8700000050,2016-6-21 16:57:47:220578
0.6200000050,2016-6-21 17:56:48:117106
0.6499999760,2016-6-21 17:57:07:375207
0.6000000240,2016-6-21 17:58:07:179628
0.4699999990,2016-6-21 17:59:07:168059
0.4300000070,2016-6-21 18:00:06:407448
0.6100000140,2016-6-21 18:59:36:806663
0.5799999830,2016-6-21 18:59:41:471930
0.5199999810,2016-6-21 19:00:41:494363
0.6100000140,2016-6-21 19:01:41:465793
0.5600000020,2016-6-21 19:02:41:432223
0.6600000260,2016-6-21 20:02:04:535020
0.5699999930,2016-6-21 20:02:24:647171
0.5299999710,2016-6-21 20:03:24:918618
0.4799999890,2016-6-21 20:04:24:933051
0.4799999890,2016-6-21 20:05:24:938483
0.3499999940,2016-6-21 21:05:03:006137
0.3600000140,2016-6-21 21:05:08:460449
0.3000000120,2016-6-21 21:06:08:477881
0.25,2016-6-21 21:07:08:549317
0.3199999930,2016-6-21 21:08:08:695758
0.2899999920,2016-6-21 22:10:34:915029
0.25,2016-6-21 22:10:52:097012
0.2300000040,2016-6-22 00:13:21:732387
0.2000000030,2016-6-22 00:13:24:257531
0.1700000020,2016-6-22 00:14:17:988605
0.25999999,2016-6-22 00:15:18:052040
0.1500000060,2016-6-22 00:16:18:072473
0.3199999930,2016-6-22 02:19:59:884976
0.2300000040,2016-6-22 02:20:42:616420
0.2899999920,2016-6-22 02:21:42:796863
0.6899999980,2016-6-22 04:23:36:043156
0.50999999,2016-6-22 04:24:05:766856
0.5199999810,2016-6-22 04:25:05:647281
0.4499999880,2016-6-22 04:26:05:675715
0.4499999880,2016-6-22 04:27:05:697148
0.5799999830,2016-6-22 05:26:42:048703
0.5600000020,2016-6-22 05:26:46:673968
0.4799999890,2016-6-22 05:27:45:979360
0.5299999710,2016-6-22 05:28:46:741835
0.4499999880,2016-6-22 05:29:46:707265
0.4099999960,2016-6-22 06:31:03:696577
0.3700000050,2016-6-22 06:31:30:803127
0.3400000040,2016-6-22 06:32:32:532658
0.5799999830,2016-6-22 08:34:31:813297
0.5799999830,2016-6-22 08:34:33:024366
0.5699999930,2016-6-22 08:35:32:701780
0.5600000020,2016-6-22 08:36:33:282245
0.5400000210,2016-6-22 08:37:33:195672
0,2016-6-22 09:39:31:146326
0,2016-6-22 09:40:03:461174
0,2016-6-22 09:41:00:649445
0.0299999993,2016-6-22 09:41:59:987839
106.760002,2016-6-22 09:45:44:878702
21.32999990,2016-6-22 09:45:55:765325
9.39000034,2016-6-22 09:46:55:561745
0,2016-6-22 09:47:55:733187
0,2016-6-22 09:48:58:579782
0,2016-6-22 09:53:02:555736
0,2016-6-22 09:53:28:097197
0,2016-6-22 09:54:22:692320
0,2016-6-22 09:55:22:723753
0,2016-6-22 09:56:22:455170
0.1199999970,2016-6-22 10:34:04:094528
0,2016-6-22 10:50:13:426971
0,2016-6-22 10:51:08:419116
0,2016-6-22 11:20:13:948955
0,2016-6-22 11:20:56:723401
0.0399999991,2016-6-22 11:39:49:259179
0.0700000003,2016-6-22 11:40:13:037539
0.0500000007,2016-6-22 11:41:13:099974
0.0799999982,2016-6-22 11:47:16:939784
0.5899999740,2016-6-22 12:49:51:562537
0.5799999830,2016-6-22 12:50:14:815867
0.6200000050,2016-6-22 12:51:14:291268
0.5899999740,2016-6-22 12:52:14:458710
1.01999998,2016-6-22 13:50:53:174969
1.02999997,2016-6-22 13:51:31:614167
0.9300000070,2016-6-22 13:52:31:436589
0.9800000190,2016-6-22 13:53:31:508025
0.9499999880,2016-6-22 13:54:30:570403
1.99000001,2016-6-22 14:53:08:309606
1.95000005,2016-6-22 14:53:48:251891
1.67999995,2016-6-22 14:54:48:123315
1.70000005,2016-6-22 14:55:48:416764
4.36000013,2016-6-22 15:55:29:064565
4.46000004,2016-6-22 15:56:04:992620
4.36999989,2016-6-22 15:57:05:134060
4.40000010,2016-6-22 15:58:05:130492
4.40999985,2016-6-22 15:59:04:493887
11.25,2016-6-22 16:57:47:763407
10.26000020,2016-6-22 16:58:23:594456
10.14999960,2016-6-22 16:59:23:465881
10.29,2016-6-22 17:00:23:438311
10.22999950,2016-6-22 17:01:22:650697
11.25,2016-6-22 18:00:06:756265
11.10999970,2016-6-22 18:00:43:388360
11.38000010,2016-6-22 18:01:44:010827
11.31999970,2016-6-22 18:02:43:407225
11.34000020,2016-6-22 18:03:43:753676
14.02999970,2016-6-22 19:02:44:314185
13.97999950,2016-6-22 19:03:20:903278
14.05000020,2016-6-22 19:04:20:812704
14.09000020,2016-6-22 19:05:20:775134
14.10999970,2016-6-22 19:06:20:751564
1.02999997,2016-6-22 20:05:29:091518
0.9399999980,2016-6-22 20:06:04:745557
1.01999998,2016-6-22 20:07:04:694986
1.07000005,2016-6-22 20:08:04:691418
0.9599999790,2016-6-22 20:09:04:730852
0.4600000080,2016-6-22 21:08:49:117867
0.4600000080,2016-6-22 21:08:50:434942
0.4099999960,2016-6-22 21:09:48:507264
0.3600000140,2016-6-22 21:10:48:445692
0.3899999860,2016-6-22 21:11:47:581074
0.4399999980,2016-6-22 22:13:03:880347
0.4000000060,2016-6-22 22:13:31:778942
0.3899999860,2016-6-22 22:14:31:829377
0.8899999860,2016-6-22 23:13:34:996035
0.8199999930,2016-6-22 23:14:15:027324
0.1599999960,2016-6-22 23:15:15:024756
0.1400000010,2016-6-22 23:16:15:029188
0.1099999990,2016-6-22 23:17:14:891612
0.2899999920,2016-6-23 00:16:19:125330
0.2300000040,2016-6-23 00:16:58:236567
0.2300000040,2016-6-23 00:17:58:143994
0.2800000010,2016-6-23 00:18:58:108424
0.2399999950,2016-6-23 00:19:58:425874
0.50,2016-6-23 01:19:29:881149
0.50999999,2016-6-23 01:19:42:471869
0.50,2016-6-23 01:20:58:405213
0.4799999890,2016-6-23 01:21:39:715575
0.4799999890,2016-6-23 01:21:40:736634
0.4499999880,2016-6-23 01:23:02:852331
0.6899999980,2016-6-23 02:21:45:812832
0.6399999860,2016-6-23 02:22:22:740945
0.5899999740,2016-6-23 02:23:22:778378
0.6299999950,2016-6-23 02:24:21:928762
0.6200000050,2016-6-23 02:25:22:721239
0.2199999990,2016-6-23 03:24:47:849152
0.2199999990,2016-6-23 03:25:04:232090
0.1899999980,2016-6-23 03:25:46:629515
0.1299999950,2016-6-23 03:26:05:016566
0.0799999982,2016-6-23 03:27:04:465967
0.1400000010,2016-6-23 03:28:04:000372
0.2000000030,2016-6-23 04:27:43:537109
0.2000000030,2016-6-23 04:27:44:634172
0.1400000010,2016-6-23 04:28:45:051628
0.1299999950,2016-6-23 04:29:45:190068
0.1099999990,2016-6-23 04:30:45:103494
0.1599999960,2016-6-23 05:31:52:151238
0.1800000070,2016-6-23 05:32:26:436199
0.0900000036,2016-6-23 05:33:26:399628
0.4399999980,2016-6-23 07:35:12:466511
0.4300000070,2016-6-23 07:35:49:356621
0.4000000060,2016-6-23 07:36:49:369054
0.3400000040,2016-6-23 07:37:49:424489
0.3899999860,2016-6-23 07:38:49:367917
0.2700000110,2016-6-23 08:39:43:766937
0.25,2016-6-23 08:40:12:652589
0.2700000110,2016-6-23 08:41:12:586017
0.1800000070,2016-6-23 09:39:58:411683
0.25,2016-6-23 09:40:34:134726
0.1899999980,2016-6-23 09:41:34:077155
0.1899999980,2016-6-23 09:42:34:162591
0.2099999930,2016-6-23 09:43:34:103020
0.2899999920,2016-6-23 10:43:50:303855
0.25,2016-6-23 10:43:54:070070
0.3300000130,2016-6-23 10:44:52:590417
0.3000000120,2016-6-23 10:45:53:138880
0.3499999940,2016-6-23 11:44:32:553179
0.3499999940,2016-6-23 11:45:11:343398
0.25,2016-6-23 11:46:11:357831
0.2199999990,2016-6-23 11:47:11:372263
0.2099999930,2016-6-23 11:48:11:397697
0.4099999960,2016-6-23 12:46:53:270136
0.3700000050,2016-6-23 12:47:29:418204
0.3000000120,2016-6-23 12:48:29:548643
0.3000000120,2016-6-23 12:49:29:411067
0.2899999920,2016-6-23 12:50:28:741460
0.5199999810,2016-6-23 13:49:11:431947
0.4099999960,2016-6-23 13:49:46:967979
0.3799999950,2016-6-23 13:50:47:102419
0.25,2016-6-23 13:51:47:506874
0.3499999940,2016-6-23 13:52:47:104283
0.5400000210,2016-6-23 14:51:33:103958
0.49000001,2016-6-23 14:52:04:943779
0.4699999990,2016-6-23 14:53:04:891208
0.4399999980,2016-6-23 14:54:04:911641
0.4399999980,2016-6-23 14:55:04:793066
0.49000001,2016-6-23 15:53:47:176535
0.5600000020,2016-6-23 15:54:23:825631
0.4300000070,2016-6-23 15:55:23:872066
0.4199999870,2016-6-23 15:56:23:886498
0.4399999980,2016-6-23 15:57:23:941933
0.49000001,2016-6-23 16:56:05:293343
0.5500000120,2016-6-23 16:56:42:095448
0.4699999990,2016-6-23 16:57:42:283891
0.4099999960,2016-6-23 16:58:42:181316
0.3899999860,2016-6-23 16:59:42:586771
0.5199999810,2016-6-23 17:58:26:032301
0.5699999930,2016-6-23 17:59:02:655396
0.3899999860,2016-6-23 18:00:02:602825
0.3899999860,2016-6-23 18:01:02:773266
0.4499999880,2016-6-23 18:02:02:129661
0.3499999940,2016-6-23 19:02:50:268323
0.3499999940,2016-6-23 20:03:39:932072
0.3400000040,2016-6-23 20:04:19:779351
0.3100000020,2016-6-23 20:05:20:022796
0.2800000010,2016-6-23 20:06:19:965225
0.2700000110,2016-6-23 20:07:19:924654
0.49000001,2016-6-23 21:06:31:483792
0.4399999980,2016-6-23 21:07:04:619687
0.3700000050,2016-6-23 21:08:04:645120
0.3199999930,2016-6-23 21:09:04:630551
0.4000000060,2016-6-23 21:10:04:622983
0.4099999960,2016-6-23 22:09:13:317957
0.3000000120,2016-6-23 22:09:50:081059
0.3499999940,2016-6-23 22:10:50:023488
0.1899999980,2016-6-23 22:11:50:243932
0.2399999950,2016-6-23 22:12:50:031352
0.4000000060,2016-6-23 23:13:27:708415
0.4499999880,2016-6-23 23:13:34:407798
0.4300000070,2016-6-23 23:14:33:772194
0.4000000060,2016-6-23 23:15:34:426663
0.0700000003,2016-6-24 00:16:19:170130
0.0900000036,2016-6-24 00:16:20:312196
0.0299999993,2016-6-24 00:17:18:792541
0,2016-6-24 00:18:18:838975
0.1899999980,2016-6-24 01:18:10:627414
0.1400000010,2016-6-24 01:18:47:276510
0.1500000060,2016-6-24 01:19:04:341486
0.1299999950,2016-6-24 01:20:03:788886
0.0599999987,2016-6-24 01:21:07:340521
0.1400000010,2016-6-24 02:20:28:807225
0.1800000070,2016-6-24 02:20:50:243451
0.0599999987,2016-6-24 02:22:02:563588
0.0299999993,2016-6-24 02:22:44:452984
0.0299999993,2016-6-24 02:22:45:978071
0.009999999780,2016-6-24 02:24:22:430588
0.1599999960,2016-6-24 03:24:52:609222
0.0500000007,2016-6-24 03:25:30:848409
1.25,2016-6-24 04:25:37:198681
1.22000003,2016-6-24 04:26:12:798717
1.19000006,2016-6-24 04:27:12:931156
1.20000005,2016-6-24 04:28:12:775579
1.12,2016-6-24 04:29:13:057027
1.50,2016-6-24 05:28:34:127709
1.42999995,2016-6-24 05:28:55:022904
1.44000006,2016-6-24 05:29:55:006335
1.37,2016-6-24 05:30:55:211778
1.40999997,2016-6-24 05:31:55:307215
1.99000001,2016-6-24 06:31:02:654112
1.90999997,2016-6-24 06:31:38:735176
1.89999998,2016-6-24 06:32:38:402589
1.90999997,2016-6-24 06:33:37:506969
1.95000005,2016-6-24 06:34:38:686468
3.01999998,2016-6-24 07:33:24:899156
2.84999990,2016-6-24 07:34:01:788266
2.82999992,2016-6-24 07:35:01:844701
2.80999994,2016-6-24 07:36:01:807131
2.79999995,2016-6-24 07:37:01:158526
3.44000006,2016-6-24 08:37:52:315360
3.36999989,2016-6-24 08:38:22:145066
3.33999991,2016-6-24 08:39:22:182500
3.63000011,2016-6-24 09:39:35:678180
3.55999994,2016-6-24 09:39:40:961482
3.55999994,2016-6-24 09:40:41:332935
3.53999996,2016-6-24 09:41:41:112354
3.84999990,2016-6-24 10:40:19:590600
3.93000007,2016-6-24 10:40:59:605889
3.79999995,2016-6-24 10:41:59:610321
3.96000004,2016-6-24 10:42:59:831765
3.78999996,2016-6-24 10:43:59:612184
8.39000034,2016-6-24 11:42:38:186435
8.39999962,2016-6-24 11:43:17:929709
8.26000023,2016-6-24 11:44:17:964142
8.30000019,2016-6-24 11:45:17:894570
8.32999992,2016-6-24 11:46:17:385973
0.2700000110,2016-6-24 12:44:59:883448
0.2300000040,2016-6-24 12:45:36:681553
0.1599999960,2016-6-24 12:46:36:560978
0.1500000060,2016-6-24 12:47:36:583411
0.2000000030,2016-6-24 12:48:35:696792
0,2016-6-24 13:47:18:713297
0,2016-6-24 13:47:54:490343
0,2016-6-24 13:48:54:607782
0,2016-6-24 13:49:54:587213
0,2016-6-24 13:50:53:755597
0,2016-6-24 14:49:34:933997
0,2016-6-24 14:50:11:690099
0,2016-6-24 14:51:11:742534
0,2016-6-24 14:52:11:688962
0,2016-6-24 14:53:10:814344
0,2016-6-24 15:51:51:001687
0,2016-6-24 15:52:29:818908
0,2016-6-24 15:53:29:958347
0,2016-6-24 15:56:14:688770
0.009999999780,2016-6-24 16:54:09:529519
0,2016-6-24 16:54:48:427744
0,2016-6-24 16:55:48:432176
0,2016-6-24 16:56:48:341603
0,2016-6-24 16:57:47:980014
0,2016-6-24 17:56:30:562494
0,2016-6-24 17:57:07:576611
0,2016-6-24 17:58:07:516039
0,2016-6-24 17:59:07:570474
0,2016-6-24 18:00:07:562906
0.0299999993,2016-6-24 18:58:55:936717
0.49000001,2016-6-24 18:59:35:013952
0.0500000007,2016-6-24 19:00:35:086388
0,2016-6-24 19:01:35:178825
0.0299999993,2016-6-24 19:02:34:992246
0.2000000030,2016-6-24 20:01:44:078242
0.1700000020,2016-6-24 20:02:19:826287
0.1000000010,2016-6-24 20:03:19:793717
0.1500000060,2016-6-24 20:04:19:857152
0.0900000036,2016-6-24 20:05:19:811582
2.08999991,2016-6-24 21:04:26:613447
2.13000011,2016-6-24 21:05:04:803631
1.84000003,2016-6-24 21:06:04:775062
0.3899999860,2016-6-24 21:07:04:742492
2.57999992,2016-6-24 21:08:04:742923
2.36999989,2016-6-24 22:07:13:921925
1.14999998,2016-6-24 22:07:49:636968
2.06999993,2016-6-24 22:08:49:844411
1.25999999,2016-6-24 22:09:49:689834
0.6200000050,2016-6-24 23:09:58:631254
0.5299999710,2016-6-24 23:10:34:329296
0.4699999990,2016-6-24 23:11:34:306726
0.5199999810,2016-6-24 23:12:34:469167
0.4699999990,2016-6-24 23:13:34:345592
0.6899999980,2016-6-25 00:12:38:568310
0.6899999980,2016-6-25 00:13:18:562598
0.6800000070,2016-6-25 00:14:18:484025
0.6600000260,2016-6-25 00:15:18:593463
0.6399999860,2016-6-25 00:16:18:580894
0.8199999930,2016-6-25 01:15:22:673604
0.9200000170,2016-6-25 01:16:02:591888
0.8899999860,2016-6-25 01:17:02:543317
0.8700000050,2016-6-25 01:18:02:539748
0.8999999760,2016-6-25 01:19:02:536180
1.08000004,2016-6-25 02:18:07:179922
1.14999998,2016-6-25 02:18:46:245156
1.15999997,2016-6-25 02:19:46:049577
1.13999999,2016-6-25 02:20:46:092011
1.13999999,2016-6-25 02:21:46:071442
0.9300000070,2016-6-25 03:20:51:990257
0.9300000070,2016-6-25 03:21:28:905368
0.8299999830,2016-6-25 03:22:28:958803
0.9200000170,2016-6-25 03:23:28:885231
1.61000001,2016-6-25 03:24:28:902663
1.13999999,2016-6-25 04:23:32:394340
1.22000003,2016-6-25 04:24:11:638584
1.13999999,2016-6-25 04:25:11:610014
1.04999995,2016-6-25 04:26:11:573444
0.9700000290,2016-6-25 04:27:11:618879
1.30999994,2016-6-25 05:26:19:400800
1.16999996,2016-6-25 05:26:55:062840
1.14999998,2016-6-25 05:27:55:168278
1.13999999,2016-6-25 05:28:55:193711
1.20000005,2016-6-25 05:29:55:090137
1.16999996,2016-6-25 06:29:03:155074
1.09000003,2016-6-25 06:29:40:241196
1.04999995,2016-6-25 06:30:40:026615
1.19000006,2016-6-25 06:31:40:197057
1.07000005,2016-6-25 06:32:39:176430
1.25999999,2016-6-25 07:32:07:158507
1.20000005,2016-6-25 07:32:25:337547
1.22000003,2016-6-25 07:33:25:334979
1.26999998,2016-6-25 07:34:25:506420
1.22000003,2016-6-25 07:35:25:448849
1.50999999,2016-6-25 08:34:32:081704
1.52999997,2016-6-25 08:35:10:721915
1.49000001,2016-6-25 08:36:10:815352
1.54999995,2016-6-25 08:37:11:805840
1.46000004,2016-6-25 08:38:10:852217
1.72000003,2016-6-25 09:37:15:869981
1.70000005,2016-6-25 09:37:52:693087
1.62,2016-6-25 09:38:52:712520
1.61000001,2016-6-25 09:39:52:775955
1.55999994,2016-6-25 09:40:51:905337
1.97000003,2016-6-25 10:39:47:402556
1.84000003,2016-6-25 10:40:24:426674
1.86000001,2016-6-25 10:41:24:211093
1.77999997,2016-6-25 10:42:23:457482
1.76999998,2016-6-25 10:43:24:224958
2.16000009,2016-6-25 11:42:29:925760
2.06999993,2016-6-25 11:43:05:915819
2.04999995,2016-6-25 11:44:05:954253
2.03999996,2016-6-25 11:45:05:959685
2.07999992,2016-6-25 11:46:05:206074
2.38000011,2016-6-25 12:45:03:233437
2.44000006,2016-6-25 12:45:42:139662
2.31999993,2016-6-25 12:46:42:265101
2.25999999,2016-6-25 12:47:42:141526
2.35999990,2016-6-25 12:48:42:137958
2.83999991,2016-6-25 13:47:46:581688
2.88000011,2016-6-25 13:48:07:413880
2.75999999,2016-6-25 13:49:08:127352
2.64000010,2016-6-25 13:50:08:190788
2.80999994,2016-6-25 13:51:07:720193
3.01999998,2016-6-25 14:50:22:509515
3.05999994,2016-6-25 14:50:38:600435
3.23000002,2016-6-25 14:51:38:630869
3.17000008,2016-6-25 14:52:38:577298
3.15000010,2016-6-25 14:53:38:573729
0.8199999930,2016-6-25 15:52:27:822591
0.7300000190,2016-6-25 15:53:07:802878
0.7300000190,2016-6-25 15:54:07:849312
0.7200000290,2016-6-25 15:55:07:887746
0.6499999760,2016-6-25 15:56:07:843175
0.75999999,2016-6-25 16:55:16:608153
0.7200000290,2016-6-25 16:55:49:498034
0.7799999710,2016-6-25 16:56:49:477465
0.7099999790,2016-6-25 16:57:49:432894
0.7200000290,2016-6-25 16:58:49:412325
0.7699999810,2016-6-25 17:58:00:831454
0.8399999740,2016-6-25 17:58:34:871401
0.7200000290,2016-6-25 17:59:34:900835
0.7200000290,2016-6-25 18:00:34:827262
0.6800000070,2016-6-25 18:01:35:044707
0.6299999950,2016-6-25 19:00:42:610616
0.6600000260,2016-6-25 19:01:18:683679
0.74000001,2016-6-25 19:02:18:626108
0.6600000260,2016-6-25 19:03:18:789549
0.6399999860,2016-6-25 19:04:18:024937
0.9399999980,2016-6-25 20:03:26:281885
0.8000000120,2016-6-25 20:04:02:971984
0.8999999760,2016-6-25 20:05:02:997417
0.6499999760,2016-6-25 20:06:02:974848
0.7799999710,2016-6-25 20:07:02:184234
0.6600000260,2016-6-25 21:06:12:329291
0.6100000140,2016-6-25 21:06:48:069335
0.8100000020,2016-6-25 21:07:48:141771
0.6899999980,2016-6-25 21:08:48:071199
0.7900000210,2016-6-25 21:09:48:018628
25.29999920,2016-6-25 22:08:57:541649
26.73999980,2016-6-25 22:09:33:464704
50.88000110,2016-6-25 22:11:04:332901
38.49000170,2016-6-25 22:11:35:147663
27.18000030,2016-6-25 22:12:32:637952
0.6999999880,2016-6-25 23:11:43:437046
0.6800000070,2016-6-25 23:12:19:210092
0.6200000050,2016-6-25 23:13:19:252526
0.6000000240,2016-6-25 23:14:19:207955
0.5899999740,2016-6-25 23:15:19:241389
0.6399999860,2016-6-26 00:14:29:855473
0.6700000170,2016-6-26 00:15:05:511512
0.6600000260,2016-6-26 00:16:05:041917
0.6200000050,2016-6-26 00:17:05:165356
0.6800000070,2016-6-26 00:18:04:252735
0.6299999950,2016-6-26 01:17:12:077659
0.6600000260,2016-6-26 01:17:51:042888
0.5799999830,2016-6-26 01:18:51:031319
0.5699999930,2016-6-26 01:19:51:035751
0.5699999930,2016-6-26 01:20:51:041183
0.6399999860,2016-6-26 02:20:32:923055
0.6399999860,2016-6-26 02:20:37:390311
0.5799999830,2016-6-26 02:21:37:453746
0.6800000070,2016-6-26 02:22:37:483180
0.6299999950,2016-6-26 02:23:37:347604
0.8299999830,2016-6-26 03:22:50:353824
0.6800000070,2016-6-26 03:23:23:186702
0.6800000070,2016-6-26 03:24:23:166133
0.6399999860,2016-6-26 03:25:23:128562
0.6800000070,2016-6-26 03:26:23:209999
0.6600000260,2016-6-26 04:26:02:527724
0.9700000290,2016-6-26 04:26:09:653132
0.6200000050,2016-6-26 04:27:09:666564
0.5600000020,2016-6-26 04:28:09:662996
0.6100000140,2016-6-26 04:29:09:667428
0.6999999880,2016-6-26 05:28:19:715479
0.6499999760,2016-6-26 05:28:55:830545
0.5699999930,2016-6-26 05:29:55:818976
0.6399999860,2016-6-26 05:30:55:832408
0.5899999740,2016-6-26 05:31:55:003793
0.4499999880,2016-6-26 06:31:36:925667
0.4099999960,2016-6-26 06:31:41:579933
0.3100000020,2016-6-26 06:32:41:905384
0.4199999870,2016-6-26 06:33:41:572796
0.3799999950,2016-6-26 06:34:41:686235
0.3499999940,2016-6-26 07:33:47:665053
0.5299999710,2016-6-26 07:34:27:914355
0.5699999930,2016-6-26 07:35:27:839783
0.49000001,2016-6-26 07:36:27:849215
0.50999999,2016-6-26 07:37:27:969654
0.5899999740,2016-6-26 08:36:34:227488
0.3600000140,2016-6-26 08:37:14:341783
0.49000001,2016-6-26 08:38:14:275210
0.4099999960,2016-6-26 08:39:14:275642
0.4699999990,2016-6-26 08:40:14:339078
0.49000001,2016-6-26 09:39:20:308896
0.6499999760,2016-6-26 09:39:59:215121
0.5600000020,2016-6-26 09:40:59:224553
0.5600000020,2016-6-26 09:41:59:808018
0.4499999880,2016-6-26 09:42:59:192415
0.5699999930,2016-6-26 10:41:55:905703
0.4600000080,2016-6-26 10:42:32:729810
0.3899999860,2016-6-26 10:43:32:800246
0.3799999950,2016-6-26 10:44:32:822679
0.50999999,2016-6-26 10:45:31:994063
0.3700000050,2016-6-26 11:45:08:264614
0.3700000050,2016-6-26 11:45:14:325961
0.50999999,2016-6-26 11:46:13:644354
0.4399999980,2016-6-26 11:47:13:869798
0.49000001,2016-6-26 11:48:13:866230
0.6499999760,2016-6-26 12:47:22:408195
0.6399999860,2016-6-26 12:47:58:040233
0.49000001,2016-6-26 12:48:58:044665
0.4799999890,2016-6-26 12:49:58:125101
0.4499999880,2016-6-26 12:50:57:988525
0.6899999980,2016-6-26 13:51:30:229278
0.6899999980,2016-6-26 13:51:35:695590
0.50,2016-6-26 13:52:34:925978
0.5199999810,2016-6-26 13:53:35:664452
0.5400000210,2016-6-26 14:52:43:281364
0.4499999880,2016-6-26 14:53:18:047353
0.4499999880,2016-6-26 14:54:18:217794
0.50999999,2016-6-26 14:55:18:115220
0.3799999950,2016-6-26 14:56:17:345608
0.50999999,2016-6-26 15:55:21:785338
0.4399999980,2016-6-26 15:55:58:503438
0.5199999810,2016-6-26 15:56:58:416865
0.4600000080,2016-6-26 15:57:58:705314
0.4499999880,2016-6-26 15:58:57:484676
0.50,2016-6-26 16:57:57:793170
0.6399999860,2016-6-26 16:58:37:465439
0.3899999860,2016-6-26 16:59:37:695884
0.3799999950,2016-6-26 17:00:37:609311
0.4499999880,2016-6-26 17:01:37:539738
0.8399999740,2016-6-26 18:00:45:312659
0.8399999740,2016-6-26 18:01:22:064762
0.9399999980,2016-6-26 18:02:22:594224
0.9200000170,2016-6-26 18:03:22:724663
0.8199999930,2016-6-26 18:04:22:688093
0.8000000120,2016-6-26 19:03:30:481015
0.9200000170,2016-6-26 19:04:07:211116
0.8600000140,2016-6-26 19:05:07:216548
0.8799999950,2016-6-26 19:06:07:453993
0.8500000240,2016-6-26 19:07:06:493370
0.7699999810,2016-6-26 20:06:15:653370
0.75999999,2016-6-26 20:06:52:458475
0.6700000170,2016-6-26 20:07:52:498910
0.6800000070,2016-6-26 20:08:52:485341
0.5299999710,2016-6-26 20:09:51:508716
1.00999999,2016-6-26 21:09:00:794724
0.9399999980,2016-6-26 21:09:37:537826
0.9300000070,2016-6-26 21:10:37:602261
1.08000004,2016-6-26 21:11:36:761645
1.87,2016-6-26 21:12:36:617068
0.7799999710,2016-6-26 22:12:01:397962
0.7799999710,2016-6-26 22:12:22:111147
0.75999999,2016-6-26 22:13:22:828620
0.8299999830,2016-6-26 22:14:22:808050
0.8100000020,2016-6-26 22:15:22:846484
0.6200000050,2016-6-26 23:14:31:228440
0.5299999710,2016-6-26 23:15:08:235557
0.4600000080,2016-6-26 23:16:08:147984
0.5299999710,2016-6-26 23:17:08:286423
0.49000001,2016-6-26 23:18:08:191850
0.5500000120,2016-6-27 00:17:18:156896
0.6000000240,2016-6-27 00:17:53:929942
0.3799999950,2016-6-27 00:18:53:926374
1.54999995,2016-6-27 00:19:53:972808
2.90000010,2016-6-27 00:20:53:919237
0.3600000140,2016-6-27 01:20:41:018407
0.3600000140,2016-6-27 01:20:42:401487
0.3499999940,2016-6-27 01:21:40:464808
0.2300000040,2016-6-27 01:22:40:345233
0.3199999930,2016-6-27 01:23:40:341664
0.4799999890,2016-6-27 02:22:51:225763
0.4399999980,2016-6-27 02:23:26:815799
0.4000000060,2016-6-27 02:24:26:846232
0.3199999930,2016-6-27 02:25:26:875666
0.2899999920,2016-6-27 02:26:26:839095
0.5199999810,2016-6-27 03:25:36:522126
0.4499999880,2016-6-27 03:26:12:499183
0.3899999860,2016-6-27 03:27:12:428611
0.3499999940,2016-6-27 03:28:12:467045
0.3199999930,2016-6-27 03:29:12:384472
0.49000001,2016-6-27 04:28:27:034787
0.4499999880,2016-6-27 04:28:58:591592
0.3600000140,2016-6-27 04:29:58:529020
0.3499999940,2016-6-27 04:30:58:560453
0.3899999860,2016-6-27 04:31:58:557885
0.4300000070,2016-6-27 05:31:04:997730
0.4399999980,2016-6-27 05:31:45:072022
0.4199999870,2016-6-27 05:32:45:076454
0.3600000140,2016-6-27 05:33:45:090887
0.3300000130,2016-6-27 05:34:45:020314
0.4799999890,2016-6-27 06:33:54:712345
0.4499999880,2016-6-27 06:34:29:689346
0.50999999,2016-6-27 06:35:29:706779
0.4799999890,2016-6-27 06:36:29:718211
0.4699999990,2016-6-27 06:37:29:666640
0.6100000140,2016-6-27 07:36:18:580482
0.5699999930,2016-6-27 07:36:57:794725
0.4099999960,2016-6-27 07:37:57:695151
0.3799999950,2016-6-27 07:38:57:929596
0.50999999,2016-6-27 07:39:57:784020
0.6499999760,2016-6-27 08:38:40:317497
0.6000000240,2016-6-27 08:39:19:112716
0.49000001,2016-6-27 08:40:19:191153
0.4099999960,2016-6-27 08:41:19:167583
0.4000000060,2016-6-27 08:42:19:177015
0.8299999830,2016-6-27 09:41:03:984623
0.6200000050,2016-6-27 09:41:39:669664
0.5799999830,2016-6-27 09:42:39:617093
0.4499999880,2016-6-27 09:43:39:705530
0.3400000040,2016-6-27 09:44:39:613956
0.6200000050,2016-6-27 10:44:54:351545
0.6000000240,2016-6-27 10:44:59:608754
0.4600000080,2016-6-27 10:45:59:550460
0.49000001,2016-6-27 10:46:59:556580
0.6600000260,2016-6-27 11:46:17:213540
0.6600000260,2016-6-27 11:46:18:196341
0.4699999990,2016-6-27 11:47:18:755648
0.4799999890,2016-6-27 11:48:18:831353
0.6299999950,2016-6-27 11:49:19:141059
0.5400000210,2016-6-27 12:47:58:351240
0.5600000020,2016-6-27 12:48:38:380911
0.50,2016-6-27 12:49:38:394216
0.5699999930,2016-6-27 12:50:38:438722
0.5199999810,2016-6-27 12:51:38:639227
0.5699999930,2016-6-27 13:50:20:095812
0.5899999740,2016-6-27 13:50:56:225476
0.4600000080,2016-6-27 13:51:56:238781
0.4499999880,2016-6-27 13:53:01:259695
0.4699999990,2016-6-27 13:53:55:360591
0.6299999950,2016-6-27 14:52:39:079180
0.50,2016-6-27 14:53:13:804841
0.4600000080,2016-6-27 14:54:13:786946
0.4799999890,2016-6-27 14:55:13:815851
0.5699999930,2016-6-27 14:56:13:766757
0.49000001,2016-6-27 15:54:55:348142
0.50,2016-6-27 15:55:32:023806
0.4399999980,2016-6-27 15:56:32:005912
0.4600000080,2016-6-27 15:57:32:019217
0.4799999890,2016-6-27 15:58:31:174521
0.5899999740,2016-6-27 16:57:17:857115
0.7099999790,2016-6-27 16:57:51:506374
0.5400000210,2016-6-27 16:58:51:316880
0.5299999710,2016-6-27 16:59:51:392585
0.4499999880,2016-6-27 17:00:51:405890
0.6899999980,2016-6-27 17:59:34:438078
0.6000000240,2016-6-27 18:00:11:207343
0.6000000240,2016-6-27 18:01:11:361049
0.5699999930,2016-6-27 18:02:11:467954
0.5899999740,2016-6-27 18:03:10:545258
0.6800000070,2016-6-27 19:02:12:203879
0.5299999710,2016-6-27 19:02:48:926343
0.6600000260,2016-6-27 19:03:50:827252
0.6399999860,2016-6-27 19:04:49:233754
0.6100000140,2016-6-27 19:05:49:122260
0.75999999,2016-6-27 20:04:53:401685
0.6800000070,2016-6-27 20:05:34:024156
0.6899999980,2016-6-27 20:06:33:741061
0.6399999860,2016-6-27 20:07:33:676366
0.6100000140,2016-6-27 20:08:32:847270
0.7099999790,2016-6-27 21:07:42:789505
0.6399999860,2016-6-27 21:08:18:513568
0.5600000020,2016-6-27 21:09:18:558073
0.5699999930,2016-6-27 21:10:18:602579
0.50999999,2016-6-27 21:11:18:584684
1.01999998,2016-6-27 22:10:26:888917
0.9700000290,2016-6-27 22:11:02:675379
1,2016-6-27 22:12:02:673085
0.9100000260,2016-6-27 22:13:02:733190
0.9300000070,2016-6-27 22:14:02:075695
1.20000005,2016-6-27 23:13:10:941528
1.14999998,2016-6-27 23:13:47:991593
1.15999997,2016-6-27 23:14:46:788096
1.13,2016-6-27 23:15:46:817002
1.07000005,2016-6-27 23:16:45:925505
1.25999999,2016-6-28 00:16:00:922149
1.48000002,2016-6-28 00:16:30:156601
1.26999998,2016-6-28 00:17:30:138706
1.28999996,2016-6-28 00:18:30:214412
1.16999996,2016-6-28 00:19:30:165317
1.37,2016-6-28 01:18:36:488346
1.30999994,2016-6-28 01:19:12:602409
1.24000001,2016-6-28 01:20:12:646915
1.25,2016-6-28 01:21:12:644620
1.25,2016-6-28 01:22:11:753124
1.38,2016-6-28 02:21:15:205748
1.35000002,2016-6-28 02:21:55:344618
1.26999998,2016-6-28 02:22:55:311123
1.33000004,2016-6-28 02:23:55:355629
1.32000005,2016-6-28 02:24:55:337734
1.42999995,2016-6-28 03:24:01:099162
1.40999997,2016-6-28 03:24:37:852827
1.38,2016-6-28 03:25:37:850532
1.35000002,2016-6-28 03:26:37:848237
1.28999996,2016-6-28 03:27:37:003541
1.42999995,2016-6-28 04:26:45:588574
1.47000003,2016-6-28 04:27:22:420239
1.40999997,2016-6-28 04:28:22:683145
1.32000005,2016-6-28 04:29:21:635648
1.26999998,2016-6-28 04:30:22:928156
1.63,2016-6-28 05:29:27:940782
1.52999997,2016-6-28 05:30:07:128051
1.57000005,2016-6-28 05:31:07:078956
1.54999995,2016-6-28 05:32:07:139062
1.40999997,2016-6-28 05:33:07:089967
16.78000070,2016-6-28 06:32:10:230590
22.01000020,2016-6-28 06:32:50:525461
2.98000002,2016-6-28 06:33:50:382766
16.17000010,2016-6-28 06:34:50:458472
1.24000001,2016-6-28 06:35:50:424977
0.9100000260,2016-6-28 07:34:47:356789
0.7699999810,2016-6-28 07:35:23:143252
0.8100000020,2016-6-28 07:36:23:078557
0.7300000190,2016-6-28 07:37:23:185463
0.7099999790,2016-6-28 07:38:23:136368
0.7699999810,2016-6-28 10:42:12:155531
0.7900000210,2016-6-28 10:42:51:342800
0.7200000290,2016-6-28 10:43:51:153305
0.8000000120,2016-6-28 10:44:51:244611
0.8000000120,2016-6-28 10:45:51:351516
0.8000000120,2016-6-28 11:44:29:875296
0.9100000260,2016-6-28 11:45:09:452566
0.7699999810,2016-6-28 11:46:09:465871
0.6499999760,2016-6-28 11:47:09:447977
0.5899999740,2016-6-28 11:48:08:572081
0.6899999980,2016-6-28 12:47:03:117089
0.6800000070,2016-6-28 12:47:28:061532
0.6800000070,2016-6-28 12:48:27:497637
0.5899999740,2016-6-28 12:49:27:698143
0.6100000140,2016-6-28 12:50:27:524248
0.6600000260,2016-6-28 13:49:09:807634
0.5500000120,2016-6-28 13:49:45:781297
0.5600000020,2016-6-28 13:50:45:716603
0.7900000210,2016-6-28 13:51:45:729908
0.5799999830,2016-6-28 13:52:45:758814
0.5899999740,2016-6-28 14:51:27:672220
0.5299999710,2016-6-28 14:52:03:408283
0.5500000120,2016-6-28 14:53:03:483989
0.6000000240,2016-6-28 14:54:03:455335
0.49000001,2016-6-28 14:55:03:379858
0.6000000240,2016-6-28 15:53:45:959921
0.7699999810,2016-6-28 15:54:21:481183
0.5799999830,2016-6-28 15:55:21:494489
0.6299999950,2016-6-28 15:56:21:476594
0.5899999740,2016-6-28 15:57:20:834698
0.6100000140,2016-6-28 16:56:03:149285
0.6499999760,2016-6-28 16:56:40:214950
0.6700000170,2016-6-28 16:57:40:212655
0.5899999740,2016-6-28 16:58:40:132360
0.6700000170,2016-6-28 16:59:40:208066
0.49000001,2016-6-28 17:58:24:987457
0.5199999810,2016-6-28 17:59:01:865922
0.6000000240,2016-6-28 18:00:01:832427
0.5299999710,2016-6-28 18:01:01:845732
0.50999999,2016-6-28 18:02:01:001036
0.9399999980,2016-6-28 19:01:25:092496
0.8500000240,2016-6-28 19:01:46:558134
0.8100000020,2016-6-28 19:02:51:313848
0.6999999880,2016-6-28 19:03:46:303944
1.11000001,2016-6-28 19:04:46:270450
0.4199999870,2016-6-28 20:03:53:888281
0.3700000050,2016-6-28 20:04:30:595145
0.5299999710,2016-6-28 20:05:30:686451
0.3199999930,2016-6-28 20:06:30:590556
0.3199999930,2016-6-28 20:07:29:745860
0.2199999990,2016-6-28 21:07:09:203347
0.6000000240,2016-6-28 21:07:14:819357
0.2300000040,2016-6-28 21:08:14:895062
0.50,2016-6-28 21:09:14:783567
0.1099999990,2016-6-28 21:10:14:828073
0.2300000040,2016-6-28 22:09:23:569106
0.3000000120,2016-6-28 22:09:59:511569
0.1800000070,2016-6-28 22:10:59:571675
0.1599999960,2016-6-28 22:11:59:272979
0.2199999990,2016-6-28 22:12:59:270685
0.2899999920,2016-6-28 23:12:06:264515
0.2800000010,2016-6-28 23:12:43:033779
0.2800000010,2016-6-28 23:13:42:937885
4.55000019,2016-6-28 23:14:42:997990
2.06999993,2016-6-28 23:15:42:621295
0.50999999,2016-6-29 00:14:51:206328
0.3799999950,2016-6-29 00:15:26:431189
0.4300000070,2016-6-29 00:16:27:661297
0.4300000070,2016-6-29 00:17:27:191002
0.8500000240,2016-6-29 00:18:27:266707
0.5199999810,2016-6-29 01:17:35:040538
0.7200000290,2016-6-29 01:18:11:357402
0.7200000290,2016-6-29 01:19:10:949507
0.3400000040,2016-6-29 01:20:10:916012
0.3899999860,2016-6-29 01:21:10:149316
0.50,2016-6-29 02:20:16:425545
0.4600000080,2016-6-29 02:20:53:428810
0.4399999980,2016-6-29 02:21:53:426515
0.3600000140,2016-6-29 02:22:53:361821
0.3300000130,2016-6-29 02:23:52:485924
0.49000001,2016-6-29 03:23:01:336158
0.3799999950,2016-6-29 03:23:35:079017
0.3100000020,2016-6-29 03:24:35:061122
0.2899999920,2016-6-29 03:25:34:746827
0.2899999920,2016-6-29 03:26:35:087733
0.4300000070,2016-6-29 04:25:41:691562
0.4000000060,2016-6-29 04:26:17:509225
0.2800000010,2016-6-29 04:27:17:506931
0.5600000020,2016-6-29 04:28:17:520236
0.3600000140,2016-6-29 04:29:16:659940
0.3700000050,2016-6-29 05:28:26:196574
0.3000000120,2016-6-29 05:29:01:733437
0.50999999,2016-6-29 05:30:01:419142
0.3899999860,2016-6-29 05:31:01:448047
0.3300000130,2016-6-29 05:32:01:508152
0.5199999810,2016-6-29 06:31:10:139985
0.3700000050,2016-6-29 06:31:46:456849
0.4600000080,2016-6-29 06:32:46:236154
0.50,2016-6-29 06:33:46:218259
0.4799999890,2016-6-29 06:34:45:545164
0.5799999830,2016-6-29 07:33:52:960194
0.50,2016-6-29 07:34:30:961861
0.4499999880,2016-6-29 07:35:30:881566
0.4499999880,2016-6-29 07:36:30:941672
0.3899999860,2016-6-29 07:37:30:096976
0.7200000290,2016-6-29 08:36:38:557208
0.6399999860,2016-6-29 08:37:15:264073
0.6100000140,2016-6-29 08:38:15:495779
0.6600000260,2016-6-29 08:39:15:321884
0.50,2016-6-29 08:40:15:537989
0.4300000070,2016-6-29 09:39:19:427414
0.4799999890,2016-6-29 09:39:59:035883
0.4099999960,2016-6-29 09:40:59:423590
0.4300000070,2016-6-29 09:41:59:093694
0.3600000140,2016-6-29 09:42:59:075800
0.49000001,2016-6-29 10:42:07:785633
0.4000000060,2016-6-29 10:42:43:603296
0.3899999860,2016-6-29 10:43:43:725801
0.4199999870,2016-6-29 10:44:43:614306
0.3400000040,2016-6-29 10:45:45:827216
2.69000006,2016-6-29 12:47:33:816051
2.53999996,2016-6-29 12:48:10:788116
2.58999991,2016-6-29 12:49:10:723422
2.13000011,2016-6-29 12:50:10:752327
2.26999998,2016-6-29 12:51:10:063631
1.46000004,2016-6-29 13:50:15:840659
1.28999996,2016-6-29 13:50:54:903128
1.46000004,2016-6-29 13:51:54:869633
1.44000006,2016-6-29 13:52:54:914139
1.47000003,2016-6-29 13:53:54:927444
1.32000005,2016-6-29 14:52:41:610038
1.38999999,2016-6-29 14:53:17:365301
1.39999998,2016-6-29 14:54:17:690607
1.55999994,2016-6-29 14:55:17:360712
1.63,2016-6-29 14:56:16:547216
2.01999998,2016-6-29 15:55:17:176235
2.03999996,2016-6-29 15:55:56:269903
2.33999991,2016-6-29 15:56:55:362807
2.13000011,2016-6-29 15:57:56:608515
1.94000006,2016-6-29 15:58:56:387820
2.51999998,2016-6-29 16:58:00:563616
2.67000008,2016-6-29 16:58:40:749287
2.70000005,2016-6-29 16:59:41:012193
2.54999995,2016-6-29 17:00:40:947498
2.77999997,2016-6-29 17:01:40:633203
2.15000010,2016-6-29 18:00:48:360234
2.23000002,2016-6-29 18:01:25:457099
2.26999998,2016-6-29 18:02:25:298804
2.51999998,2016-6-29 18:03:25:405710
2.65000010,2016-6-29 18:04:24:436214
2.58999991,2016-6-29 19:03:29:355240
2.63000011,2016-6-29 19:04:08:417709
2.60999990,2016-6-29 19:05:08:337414
2.54999995,2016-6-29 19:06:08:210319
2.68000007,2016-6-29 19:07:08:223624
4.84000015,2016-6-29 20:06:11:301847
5.25,2016-6-29 20:06:51:175517
4.80000019,2016-6-29 20:07:51:235623
5.19999981,2016-6-29 20:08:51:155328
4.63000011,2016-6-29 20:09:51:184234
4.73999977,2016-6-29 21:08:58:568064
4.84999990,2016-6-29 21:09:35:337329
4.80000019,2016-6-29 21:10:35:381834
4.90000010,2016-6-29 21:11:34:490338
4.82999992,2016-6-29 21:12:35:299245
7.01000023,2016-6-29 22:11:43:478677
6.73000002,2016-6-29 22:12:20:325942
7.05999994,2016-6-29 22:13:20:292447
7.51000023,2016-6-29 22:14:20:446153
7.15000010,2016-6-29 22:15:19:461056
9.14999962,2016-6-29 23:14:28:451690
9.14999962,2016-6-29 23:15:05:142954
9.01000023,2016-6-29 23:16:05:156260
8.76000023,2016-6-29 23:17:05:185165
8.53999996,2016-6-29 23:18:04:340469
5.73999977,2016-6-30 00:17:13:424703
5.28000021,2016-6-30 00:17:50:256367
6.76999998,2016-6-30 00:18:50:207273
4.86999989,2016-6-30 00:19:50:423378
6.40000010,2016-6-30 00:20:49:563082
4.76999998,2016-6-30 01:19:59:099717
5.42999983,2016-6-30 01:20:35:806581
4.38000011,2016-6-30 01:21:35:944687
5.36000013,2016-6-30 01:22:35:755192
4.78000021,2016-6-30 01:23:36:002498
3.89000010,2016-6-30 02:22:40:874724
3.96000004,2016-6-30 02:23:21:029194
3.93000007,2016-6-30 02:24:20:886500
3.79999995,2016-6-30 02:25:20:837405
3.81999993,2016-6-30 02:26:20:023909
5.05000019,2016-6-30 03:25:29:794544
5.46999979,2016-6-30 03:26:06:423408
5.21000004,2016-6-30 03:27:06:764314
5.51999998,2016-6-30 03:28:06:434419
5.28000021,2016-6-30 03:29:05:574123
3.86999989,2016-6-30 04:28:15:048357
3.83999991,2016-6-30 04:28:51:521221
3.70000005,2016-6-30 04:29:51:518926
3.71000004,2016-6-30 04:30:51:610232
3.82999992,2016-6-30 04:31:51:576737
4.92000008,2016-6-30 05:30:58:539367
4.78000021,2016-6-30 05:31:37:617436
4.51999998,2016-6-30 05:32:37:630741
4.34999990,2016-6-30 05:33:37:628447
4.30000019,2016-6-30 05:34:37:485752
3.68000007,2016-6-30 06:33:42:685579
3.58999991,2016-6-30 06:34:21:514047
3.59999990,2016-6-30 06:35:21:496152
3.58999991,2016-6-30 06:36:21:540658
3.50999999,2016-6-30 06:37:21:538363
3.75,2016-6-30 07:36:10:389361
3.46000004,2016-6-30 07:36:50:559432
3.53999996,2016-6-30 07:37:50:479137
3.54999995,2016-6-30 07:38:50:492442
3.43000007,2016-6-30 07:39:50:458948
6.75,2016-6-30 09:40:56:561710
5.71000004,2016-6-30 09:41:35:811379
7.76000023,2016-6-30 10:43:53:624744
7.76000023,2016-6-30 10:43:55:231547
7.17000008,2016-6-30 10:44:55:962453
6.90000010,2016-6-30 10:45:56:006959
7.30000019,2016-6-30 10:46:57:689467
7.78000021,2016-6-30 11:45:39:224052
7.82000017,2016-6-30 11:46:16:149317
9.89000034,2016-6-30 11:47:16:162623
7.84999990,2016-6-30 11:48:16:191528
7.59000015,2016-6-30 11:49:15:300032
7.51000023,2016-6-30 12:48:16:290591
8.52999973,2016-6-30 12:48:33:247821
7.13999987,2016-6-30 12:49:33:573127
6.92999983,2016-6-30 12:50:33:477232
7.11999989,2016-6-30 12:51:33:568538
5.84000015,2016-6-30 13:50:29:720348
5.21999979,2016-6-30 13:50:50:546385
4.57000017,2016-6-30 13:51:51:074491
5.38999987,2016-6-30 13:52:51:025397
6.84000015,2016-6-30 13:53:51:038702
6.15000010,2016-6-30 14:52:28:018079
5.96000004,2016-6-30 14:53:07:798149
5.90999985,2016-6-30 14:54:07:764655
5.26999998,2016-6-30 14:55:07:746760
5.48999977,2016-6-30 14:56:07:760065
4.40999985,2016-6-30 15:54:46:751846
4.28000021,2016-6-30 15:55:25:502314
4.53000021,2016-6-30 15:56:25:484419
4.30999994,2016-6-30 15:57:25:497725
4.34999990,2016-6-30 15:58:26:291032
6.46000004,2016-6-30 16:57:07:186016
6.59999990,2016-6-30 16:57:43:892880
6.48999977,2016-6-30 16:58:43:921786
7.17000008,2016-6-30 16:59:43:903891
6.53000021,2016-6-30 17:00:44:010797
6.88000011,2016-6-30 17:59:25:170981
6.71000004,2016-6-30 18:00:04:280250
6.55000019,2016-6-30 18:01:04:418356
6.78000021,2016-6-30 18:02:04:244461
6.53000021,2016-6-30 18:03:04:335766
4.96000004,2016-6-30 19:01:58:381573
4.69999981,2016-6-30 19:02:37:272442
4.98999977,2016-6-30 19:03:37:426147
4.67999983,2016-6-30 19:04:37:267852
4.51000023,2016-6-30 19:05:37:327958
5.34999990,2016-6-30 20:04:41:622983
5.46999979,2016-6-30 20:05:21:980254
5.82999992,2016-6-30 20:06:21:806359
5.34000015,2016-6-30 20:07:21:850865
5.73000002,2016-6-30 20:08:21:832970
5.44999981,2016-6-30 21:07:30:558403
5.23000002,2016-6-30 21:08:06:625666
5.46000004,2016-6-30 21:09:06:482971
5.40000010,2016-6-30 21:10:06:465077
5.57000017,2016-6-30 21:11:05:604781
3.63000011,2016-6-30 22:10:14:689014
3.57999992,2016-6-30 22:10:51:364679
3.61999989,2016-6-30 22:11:51:346784
3.53999996,2016-6-30 22:12:51:313289
3.84999990,2016-6-30 22:13:50:515393
3.65000010,2016-6-30 23:13:00:176828
3.80999994,2016-6-30 23:13:35:916491
3.81999993,2016-6-30 23:14:35:867396
3.47000003,2016-6-30 23:15:35:865101
3.60999990,2016-6-30 23:16:35:831607
4.05999994,2016-7-1 00:15:40:844233
4.21999979,2016-7-1 00:16:19:953502
3.96000004,2016-7-1 00:17:19:935607
3.99000001,2016-7-1 00:18:19:948913
4.15000010,2016-7-1 00:19:19:899818
4.57999992,2016-7-1 01:18:25:708046
4.46999979,2016-7-1 01:19:03:865713
4.46000004,2016-7-1 01:20:03:801018
4.40999985,2016-7-1 01:21:03:798724
4.23999977,2016-7-1 01:22:03:796429
4.63999987,2016-7-1 02:21:07:561053
4.65000010,2016-7-1 02:21:47:497123
4.28999996,2016-7-1 02:22:47:541629
4.34999990,2016-7-1 02:23:47:601734
4.26999998,2016-7-1 02:24:47:474640
3.97000003,2016-7-1 03:23:51:301664
4.05000019,2016-7-1 03:24:31:144134
3.93000007,2016-7-1 03:25:31:204239
4.11999989,2016-7-1 03:26:31:201945
3.82999992,2016-7-1 03:27:31:152850
5,2016-7-1 04:26:38:552281
5.13999987,2016-7-1 04:27:16:647548
5.05999994,2016-7-1 04:28:13:712448
5.26999998,2016-7-1 04:29:12:820952
5.21000004,2016-7-1 04:30:13:645459
5.38999987,2016-7-1 05:29:20:030887
5.17999983,2016-7-1 05:29:55:988951
5.11000013,2016-7-1 05:30:55:830656
5.21000004,2016-7-1 05:31:55:859561
5.25,2016-7-1 05:32:55:950867
5.30000019,2016-7-1 06:31:59:731091
5,2016-7-1 06:32:39:745161
5.05000019,2016-7-1 06:33:39:696067
5.30000019,2016-7-1 06:34:39:802972
5.13999987,2016-7-1 06:35:39:707077
5.15999985,2016-7-1 07:34:35:281687
5.36000013,2016-7-1 07:35:10:225749
5.32999992,2016-7-1 07:36:10:239054
4.96999979,2016-7-1 07:37:10:330360
5.34000015,2016-7-1 07:38:09:626064
5.36999989,2016-7-1 08:36:50:614648
5.23999977,2016-7-1 08:37:30:472718
5.28999996,2016-7-1 08:38:30:454823
5.15000010,2016-7-1 08:39:29:781728
5.07999992,2016-7-1 08:40:30:434634
4.40999985,2016-7-1 09:39:10:144016
4.32999992,2016-7-1 09:39:50:111286
4.15999985,2016-7-1 09:40:50:124592
4.38000011,2016-7-1 09:41:50:091097
4.42000008,2016-7-1 09:42:50:135603
4.42000008,2016-7-1 10:41:31:226857
4.44000006,2016-7-1 10:42:07:935721
4.42999983,2016-7-1 10:43:07:967627
4.38999987,2016-7-1 10:44:08:046333
4.67000008,2016-7-1 10:45:07:392837
4.26999998,2016-7-1 11:43:48:413432
4.34999990,2016-7-1 11:44:26:884099
4.44999981,2016-7-1 11:45:26:852605
4.07000017,2016-7-1 11:46:26:885511
4.26000023,2016-7-1 11:47:26:823816
3.88000011,2016-7-1 12:46:10:186613
3.76999998,2016-7-1 12:46:45:616276
3.78999996,2016-7-1 12:47:45:273781
3.94000006,2016-7-1 12:48:44:586085
3.57999992,2016-7-1 12:49:45:523792
3.72000003,2016-7-1 13:48:26:295584
3.71000004,2016-7-1 13:49:06:030854
3.79999995,2016-7-1 13:50:06:015959
3.72000003,2016-7-1 13:51:06:078065
3.88000011,2016-7-1 13:52:05:205169
4.19999981,2016-7-1 14:50:43:809156
4.21000004,2016-7-1 14:51:20:392220
4.03999996,2016-7-1 14:52:20:672726
4.19999981,2016-7-1 14:53:20:361431
3.91000009,2016-7-1 14:54:19:659136
4.40999985,2016-7-1 15:53:03:267731
4.23000002,2016-7-1 15:53:38:181593
4.28000021,2016-7-1 15:54:38:243698
3.93000007,2016-7-1 15:55:38:259004
3.95000005,2016-7-1 15:56:38:243109
4.44000006,2016-7-1 16:55:16:694696
4.26999998,2016-7-1 16:55:56:631766
4.21000004,2016-7-1 16:56:56:725071
4.25,2016-7-1 16:57:56:677977
4.44000006,2016-7-1 16:58:56:740082
4.25,2016-7-1 17:57:35:131876
4.28000021,2016-7-1 17:58:16:520749
4.05000019,2016-7-1 17:59:17:174656
4.36999989,2016-7-1 18:00:17:157761
4.07999992,2016-7-1 18:01:16:455466
4.26999998,2016-7-1 19:00:07:027872
4.28000021,2016-7-1 19:00:46:076741
4.13999987,2016-7-1 19:01:46:075446
3.88000011,2016-7-1 19:02:46:105352
3.97000003,2016-7-1 19:03:46:059257
4.25,2016-7-1 20:02:55:190696
4.11000013,2016-7-1 20:03:30:931359
4.03999996,2016-7-1 20:04:30:976865
4.23000002,2016-7-1 20:05:30:993170
4.19000006,2016-7-1 20:06:30:898275
5.46999979,2016-7-9 01:06:22:234553
93.20999910,2016-7-9 01:06:44:690837
0.8700000050,2016-7-9 01:07:44:673268
0.8999999760,2016-7-9 01:08:44:836709
1.01999998,2016-7-9 02:08:08:480538
1.01999998,2016-7-9 02:08:27:131604
1.13,2016-7-9 02:09:27:458055
45.41999820,2016-7-9 02:10:27:463487
1.07000005,2016-7-9 02:11:27:475920
1.29999995,2016-7-9 03:10:53:828903
1.36000001,2016-7-9 03:11:09:678810
1.25,2016-7-9 03:12:09:674241
1.26999998,2016-7-9 03:13:09:846683
1.23000002,2016-7-9 03:14:09:868116
1.33000004,2016-7-9 04:13:30:491772
1.26999998,2016-7-9 04:13:51:099951
1.24000001,2016-7-9 04:14:51:654414
1.21000004,2016-7-9 04:15:51:476836
1.24000001,2016-7-9 04:16:51:273256
1.69000006,2016-7-9 05:16:25:348682
1.69000006,2016-7-9 05:16:53:593297
1.67999995,2016-7-9 05:16:55:505406
1.57000005,2016-7-9 05:17:32:195505
1.61000001,2016-7-9 05:18:32:983982
1.48000002,2016-7-9 05:19:33:010415
1.39999998,2016-7-9 06:18:58:975377
1.45000005,2016-7-9 06:19:15:091298
1.30999994,2016-7-9 06:20:14:970723
1.34000003,2016-7-9 06:21:15:123164
1.30999994,2016-7-9 06:22:15:320607
1.67999995,2016-7-9 07:21:44:275740
1.58000004,2016-7-9 07:21:56:458436
1.63,2016-7-9 07:22:56:496870
1.57000005,2016-7-9 07:23:56:439299
1.65999997,2016-7-9 07:25:00:197946
1.78999996,2016-7-9 09:26:06:958581
1.75999999,2016-7-9 09:26:46:634850
1.69000006,2016-7-9 09:27:46:648283
1.62,2016-7-9 09:28:46:782722
1.67999995,2016-7-9 09:29:46:437134
3.56999993,2016-7-9 16:42:54:390560
3.55999994,2016-7-9 16:43:09:419420
3.39000010,2016-7-9 16:44:10:115891
3.32999992,2016-7-9 16:45:10:233330
4.98000002,2016-7-9 16:46:10:362769
3.79999995,2016-7-9 17:45:54:519771
3.70000005,2016-7-9 17:46:32:759958
3.85999990,2016-7-9 17:47:32:640383
3.68000007,2016-7-9 17:48:54:181047
3.81999993,2016-7-9 18:48:16:495800
3.81999993,2016-7-9 18:48:21:329076
3.89000010,2016-7-9 18:49:21:550521
3.71000004,2016-7-9 18:50:17:164702
3.91000009,2016-7-9 18:50:25:314168
3.75999999,2016-7-9 18:51:24:297541
3.83999991,2016-7-9 18:51:47:325859
3.66000009,2016-7-9 19:50:41:942027
3.73000002,2016-7-9 19:51:03:349251
3.66000009,2016-7-9 19:52:01:671587
3.61999989,2016-7-9 19:53:01:730022
3.69000006,2016-7-9 19:54:01:722454
4.26000023,2016-7-9 20:53:25:255276
4.23999977,2016-7-9 20:53:44:837396
9.82999992,2016-7-9 20:54:45:658875
3.74000001,2016-7-9 20:55:47:373405
3.71000004,2016-7-9 20:56:48:594907
4.05000019,2016-7-9 21:56:08:601527
4.05000019,2016-7-9 21:56:29:000694
4.13000011,2016-7-9 21:57:29:851175
4.11999989,2016-7-9 21:58:29:855607
3.97000003,2016-7-9 21:59:29:877040
4.51000023,2016-7-9 22:58:52:654819
4.32000017,2016-7-9 22:59:15:612132
4.34000015,2016-7-9 23:00:13:900466
4.34000015,2016-7-9 23:01:18:041135
4.26000023,2016-7-9 23:01:52:095082
4.30999994,2016-7-9 23:02:14:218348
4.67000008,2016-7-10 00:01:33:916951
4.51999998,2016-7-10 00:01:57:072275
4.67000008,2016-7-10 00:02:59:320836
4.53999996,2016-7-10 00:03:57:226148
4.42000008,2016-7-10 01:06:31:295868
4.53999996,2016-7-10 01:06:45:953706
4.32999992,2016-7-10 01:07:40:408821
5.07999992,2016-7-10 04:13:57:153094
5.01999998,2016-7-10 04:14:52:633268
5.17000008,2016-7-10 04:15:44:439231
3.75999999,2016-7-10 08:23:06:618155
3.92000008,2016-7-10 08:23:31:641586
3.31999993,2016-7-10 08:24:38:204393
3.45000005,2016-7-10 08:25:34:509614
3.49000001,2016-7-10 08:26:31:147853
3.97000003,2016-7-10 09:25:40:638873
4.03000021,2016-7-10 09:26:12:936720
3.85999990,2016-7-10 09:27:13:000155
4,2016-7-10 09:28:13:213599
3.92000008,2016-7-10 09:29:13:727060
4.36000013,2016-7-10 10:28:20:046898
4.28000021,2016-7-10 10:28:56:344975
4.30999994,2016-7-10 10:29:56:326405
4.15000010,2016-7-10 10:30:55:672800
4.32999992,2016-7-10 10:31:56:348270
4.26000023,2016-7-10 11:30:49:358347
4.88999987,2016-7-10 11:31:28:827604
4.19000006,2016-7-10 11:32:28:836037
4.17000008,2016-7-10 11:33:28:870470
4.17000008,2016-7-10 11:34:28:229865
4.50,2016-7-10 12:33:10:013300
4.36000013,2016-7-10 12:33:49:093535
4.34000015,2016-7-10 12:34:49:202973
4.48999977,2016-7-10 12:35:49:170403
4.42000008,2016-7-10 12:36:49:700865
4.84000015,2016-7-10 13:36:02:601080
4.80999994,2016-7-10 13:36:08:751431
4.30999994,2016-7-10 13:37:07:906815
4.40000010,2016-7-10 13:38:08:739294
4.36000013,2016-7-10 13:39:08:732726
4.84999990,2016-7-10 14:37:51:764232
4.80999994,2016-7-10 14:38:27:737289
4.53999996,2016-7-10 14:39:27:516708
4.53000021,2016-7-10 14:40:27:580144
4.67999983,2016-7-10 14:41:27:560574
4.86999989,2016-7-10 15:40:05:762804
4.92000008,2016-7-10 15:40:44:919044
4.96000004,2016-7-10 15:41:45:146489
4.86000013,2016-7-10 15:42:45:213924
4.84000015,2016-7-10 15:43:45:115350
5.40000010,2016-7-10 16:42:26:257748
5.42000008,2016-7-10 16:43:04:221920
5.44000006,2016-7-10 16:44:04:268354
5.75,2016-7-10 16:45:04:273786
5.51999998,2016-7-10 16:46:04:278218
6.07999992,2016-7-10 17:44:56:222234
5.75,2016-7-10 17:45:35:028454
5.67999983,2016-7-10 17:46:35:074888
6.01999998,2016-7-10 17:47:35:129323
5.86999989,2016-7-10 17:48:35:250762
6,2016-7-10 18:47:38:970451
6.34000015,2016-7-10 18:48:17:881676
6.28000021,2016-7-10 18:49:17:861107
6.17000008,2016-7-10 18:50:17:908542
6.21000004,2016-7-10 18:51:17:896973
7.15000010,2016-7-10 19:50:22:803730
7.03000021,2016-7-10 19:51:01:767958
6.82999992,2016-7-10 19:52:01:781391
6.61999989,2016-7-10 19:53:01:794824
6.76000023,2016-7-10 19:54:01:766254
6.84000015,2016-7-10 20:53:08:113093
7.21000004,2016-7-10 20:53:44:870196
7.36000013,2016-7-10 20:54:44:859627
6.90999985,2016-7-10 20:55:44:964064
6.82999992,2016-7-10 20:56:44:927494
7.59999990,2016-7-10 21:55:49:217216
7.65999985,2016-7-10 21:56:27:765421
7.57000017,2016-7-10 21:57:27:670847
7.53999996,2016-7-10 21:58:27:684280
7.53999996,2016-7-10 21:59:27:680711
8.35999966,2016-7-10 22:58:30:298338
7.94000006,2016-7-10 22:59:10:037610
8.13000011,2016-7-10 23:00:10:030042
8.10999966,2016-7-10 23:01:09:993472
8.35000038,2016-7-10 23:02:09:968902
8.50,2016-7-11 00:01:16:507752
8.64000034,2016-7-11 00:01:52:276798
8.68000031,2016-7-11 00:02:52:323233
8.60999966,2016-7-11 00:03:52:315664
8.21000004,2016-7-11 00:04:52:246092
8.27000046,2016-7-11 01:03:58:165907
8.28999996,2016-7-11 01:04:33:638936
8.03999996,2016-7-11 01:05:33:731373
8.06000042,2016-7-11 01:06:33:657801
8.39000034,2016-7-11 01:07:33:662233
7.94999981,2016-7-11 02:06:37:389922
7.86999989,2016-7-11 02:07:14:304034
8.18000031,2016-7-11 02:08:14:283464
8.26000023,2016-7-11 02:09:14:672918
7.88000011,2016-7-11 02:10:13:460281
9.72999954,2016-7-11 03:09:14:958843
9.56999969,2016-7-11 03:09:54:073080
9.61999989,2016-7-11 03:10:54:261523
9.38000011,2016-7-11 03:11:54:232953
9.39000034,2016-7-11 03:12:54:229384
8.18999958,2016-7-11 04:12:00:243205
8.31999969,2016-7-11 04:12:34:299153
8.31000042,2016-7-11 04:13:34:308585
7.86999989,2016-7-11 04:14:34:392022
8.19999981,2016-7-11 04:15:34:335450
7.73000002,2016-7-11 05:14:46:323612
7.71000004,2016-7-11 05:15:14:839243
7.71000004,2016-7-11 05:16:14:943681
7.61000013,2016-7-11 05:17:14:907111
7.63999987,2016-7-11 05:18:14:104497
8.67000008,2016-7-11 06:17:20:285327
8.68999958,2016-7-11 06:17:56:092375
8.42000008,2016-7-11 06:18:55:971800
8.34000015,2016-7-11 06:19:55:897227
8.44999981,2016-7-11 06:20:55:765651
8.60000038,2016-7-11 07:19:50:114805
8.55000019,2016-7-11 07:20:26:758901
8.39000034,2016-7-11 07:21:26:759332
8.27999973,2016-7-11 07:22:26:835769
8.35000038,2016-7-11 07:23:26:869202
9.07999992,2016-7-11 08:22:11:137779
8.98999977,2016-7-11 08:22:46:834821
9.39000034,2016-7-11 08:23:46:831252
8.90999985,2016-7-11 08:24:46:769681
9.03999996,2016-7-11 08:25:45:950065
9.44999981,2016-7-11 09:24:25:358364
9.36999989,2016-7-11 09:25:05:547663
9.23999977,2016-7-11 09:26:04:886057
19.98999980,2016-7-11 09:27:05:415519
8.89000034,2016-7-11 09:28:05:545958
9,2016-7-11 10:26:43:857194
9.14999962,2016-7-11 10:27:23:413456
9.02000046,2016-7-11 10:28:22:917860
9.10000038,2016-7-11 10:29:22:923292
9.02000046,2016-7-11 10:30:22:236685
9.69999981,2016-7-11 11:29:03:777105
9.38000011,2016-7-11 11:29:40:503206
9.51000023,2016-7-11 11:30:40:507638
9.55000019,2016-7-11 11:31:40:438066
9.43999958,2016-7-11 11:32:40:234486
10.14000030,2016-7-11 12:31:20:608840
10.32999990,2016-7-11 12:31:57:515951
10.11999990,2016-7-11 12:32:57:495381
10.31999970,2016-7-11 12:33:57:516814
10.19999980,2016-7-11 12:34:56:747202
10.43999960,2016-7-11 13:33:39:662701
10.69999980,2016-7-11 13:34:15:429747
10.57999990,2016-7-11 13:35:15:515184
10.61999990,2016-7-11 13:36:15:431611
11.64999960,2016-7-11 13:37:15:503047
10.80000020,2016-7-11 14:35:55:577383
11.26000020,2016-7-11 14:36:32:126474
10.79,2016-7-11 14:37:32:088904
10.63000010,2016-7-11 14:38:31:331292
11.54,2016-7-11 14:39:32:132770
11.05000020,2016-7-11 15:38:14:830256
11.01000020,2016-7-11 15:38:51:236339
11.02999970,2016-7-11 15:39:56:904095
10.96,2016-7-11 15:40:51:355209
10.92000010,2016-7-11 15:41:54:126800
11.48999980,2016-7-11 16:40:32:310028
11.51000020,2016-7-11 16:41:11:475268
11.48999980,2016-7-11 16:42:11:446698
11.26000020,2016-7-11 16:43:11:434129
11.56999970,2016-7-11 16:44:11:539567
12.05000020,2016-7-11 17:43:07:409808
11.97000030,2016-7-11 17:43:31:817204
11.98999980,2016-7-11 17:44:30:772576
11.72999950,2016-7-11 17:45:30:744006
11.98999980,2016-7-11 17:46:30:573428
12.52000050,2016-7-11 18:45:30:271887
12.55000020,2016-7-11 18:46:07:028989
12.48999980,2016-7-11 18:47:07:033421
12.35999970,2016-7-11 18:48:07:005852
12.39999960,2016-7-11 18:49:07:010284
12.63000010,2016-7-11 19:48:29:232031
12.75,2016-7-11 19:48:49:564194
12.57999990,2016-7-11 19:49:50:385673
12.60000040,2016-7-11 19:50:50:366104
12.56000040,2016-7-11 19:51:50:376536
13.56000040,2016-7-11 20:50:57:656429
13.31999970,2016-7-11 20:51:33:463477
13.25,2016-7-11 20:52:33:450908
13.61999990,2016-7-11 20:53:33:463340
13.40999980,2016-7-11 20:54:30:910626
13.40999980,2016-7-11 20:54:32:910741
14.22000030,2016-7-11 21:53:57:765639
13.50,2016-7-11 21:54:16:047684
13.44999980,2016-7-11 21:54:49:854618
13.27000050,2016-7-11 21:55:16:620149
13.36999990,2016-7-11 21:56:16:807591
13.27000050,2016-7-11 21:57:16:454003
14.69999980,2016-7-11 22:56:22:683836
14.44999980,2016-7-11 22:56:59:371934
14.86999990,2016-7-11 22:57:59:605379
14.44999980,2016-7-11 22:58:59:497805
14.40999980,2016-7-11 22:59:59:494237
14.77000050,2016-7-11 23:59:06:511114
14.96,2016-7-11 23:59:42:242158
14.73999980,2016-7-12 00:00:42:397599
14.84000020,2016-7-12 00:01:42:427032
14.71,2016-7-12 00:02:42:352460
14.60999970,2016-7-12 01:02:24:653356
14.60999970,2016-7-12 01:02:25:724417
14.67000010,2016-7-12 01:03:24:454776
14.69999980,2016-7-12 01:04:14:222623
14.56000040,2016-7-12 01:04:31:096588
14.39000030,2016-7-12 01:05:29:944954
13.30000020,2016-7-12 02:04:48:853512
13.27000050,2016-7-12 02:05:08:287623
13.31999970,2016-7-12 02:06:08:159048
13.14999960,2016-7-12 02:07:13:755800
13.22999950,2016-7-12 02:08:08:160911
13.30000020,2016-7-12 03:07:10:117500
13.22000030,2016-7-12 03:07:50:106787
13.22000030,2016-7-12 03:08:50:287229
13.27000050,2016-7-12 03:09:50:350665
13.14999960,2016-7-12 03:10:50:268092
13.48999980,2016-7-12 04:09:56:300913
13.57999990,2016-7-12 04:10:31:865947
13.23999980,2016-7-12 04:11:31:901381
13.22000030,2016-7-12 04:12:31:175771
13.31000040,2016-7-12 04:13:31:955248
13.35999970,2016-7-12 05:12:36:864005
13.43999960,2016-7-12 05:13:12:737057
13.50,2016-7-12 05:14:12:866496
13.32999990,2016-7-12 05:15:12:821925
13.14000030,2016-7-12 05:16:12:810356
14,2016-7-12 06:15:22:643395
13.57999990,2016-7-12 06:15:58:749460
13.23999980,2016-7-12 06:16:58:729891
13.35999970,2016-7-12 06:17:58:776326
13.18000030,2016-7-12 06:18:58:197724
14.18000030,2016-7-12 07:17:41:629253
13.97999950,2016-7-12 07:18:21:463531
14.02999970,2016-7-12 07:19:21:547968
13.85000040,2016-7-12 07:20:21:498397
14.88000010,2016-7-12 07:21:21:495829
14.93999960,2016-7-12 08:20:07:321494
15.35999970,2016-7-12 08:20:41:249435
15.10000040,2016-7-12 08:21:41:278868
14.93000030,2016-7-12 08:22:41:321303
14.85999970,2016-7-12 08:23:41:184727
14.93999960,2016-7-12 09:22:20:059995
15.04,2016-7-12 09:22:59:221235
15.27000050,2016-7-12 09:23:59:192665
14.60000040,2016-7-12 09:24:59:359106
15.36999990,2016-7-12 09:25:59:314535
15.39999960,2016-7-12 10:24:39:253864
15.13000010,2016-7-12 10:25:16:046969
15.21,2016-7-12 10:26:15:993398
15.27000050,2016-7-12 10:27:16:039832
15.21,2016-7-12 10:28:16:003262
14.80000020,2016-7-12 11:26:58:783753
15.22000030,2016-7-12 11:27:33:564743
14.75,2016-7-12 11:28:33:498171
14.81000040,2016-7-12 11:29:33:532604
14.77000050,2016-7-12 11:30:33:504035
17.78000070,2016-7-12 12:29:14:702436
14.19999980,2016-7-12 12:29:50:540485
14.17000010,2016-7-12 12:30:50:661924
14.21,2016-7-12 12:31:50:095324
14.04,2016-7-12 12:32:50:679789
14.35000040,2016-7-12 13:31:27:727952
14.21,2016-7-12 13:32:07:710239
14.11999990,2016-7-12 13:33:07:764674
14.13000010,2016-7-12 13:34:07:627098
12.68000030,2016-7-12 17:41:17:906342
12.50,2016-7-12 17:41:38:688530
12.31999970,2016-7-12 17:42:38:459949
12.29,2016-7-12 17:43:38:479382
12.43000030,2016-7-12 17:44:38:283803
12.50,2016-7-12 18:43:43:150557
12.47000030,2016-7-12 18:44:03:844741
12.56000040,2016-7-12 18:45:04:442207
12.22999950,2016-7-12 18:46:04:544645
12.31000040,2016-7-12 18:47:04:460072
23.28000070,2016-7-12 19:46:26:879830
12.80000020,2016-7-12 19:46:47:307999
12.94999980,2016-7-12 19:47:48:083475
12.96,2016-7-12 19:48:48:083907
12.77000050,2016-7-12 19:49:48:105340
12.93000030,2016-7-12 20:48:55:420235
12.84000020,2016-7-12 20:49:31:378291
12.68000030,2016-7-12 20:50:31:535732
12.73999980,2016-7-12 20:51:31:295150
22.95999910,2016-7-12 20:52:31:553597
12.64000030,2016-7-12 21:51:38:739484
12.72000030,2016-7-12 21:52:14:604535
12.77000050,2016-7-12 21:53:14:567965
12.80000020,2016-7-12 21:54:14:572397
12.82999990,2016-7-12 21:55:13:777784
12.88000010,2016-7-12 22:54:18:170511
12.88000010,2016-7-12 22:54:58:143798
12.97000030,2016-7-12 22:55:58:166231
12.76000020,2016-7-12 22:56:58:100659
12.68999960,2016-7-12 22:57:58:106091
13.10999970,2016-7-12 23:57:04:851953
12.94999980,2016-7-12 23:57:41:507050
13.01000020,2016-7-12 23:58:41:595487
12.92000010,2016-7-12 23:59:40:716868
13.07999990,2016-7-13 00:00:41:605351
12.80000020,2016-7-13 01:00:05:728207
12.82999990,2016-7-13 01:00:24:020253
12.39999960,2016-7-13 01:03:42:543608
12.86999990,2016-7-13 02:02:30:482395
12.90999980,2016-7-13 02:03:06:407449
13.15999980,2016-7-13 02:04:06:391880
12.77999970,2016-7-13 02:05:06:426314
12.67000010,2016-7-13 02:06:05:601699
12.65999980,2016-7-13 03:05:11:316502
12.67000010,2016-7-13 03:05:48:056603
12.73999980,2016-7-13 03:06:48:078036
12.32999990,2016-7-13 03:07:47:175417
12.34000020,2016-7-13 03:08:48:096901
12.85999970,2016-7-13 04:07:52:824648
12.89999960,2016-7-13 04:08:29:614752
12.75,2016-7-13 04:09:29:638185
12.57999990,2016-7-13 04:10:29:701621
12.72999950,2016-7-13 04:11:29:631049
12.69999980,2016-7-13 05:10:31:505632
12.68000030,2016-7-13 05:11:10:661872
12.82999990,2016-7-13 05:12:10:709306
12.56000040,2016-7-13 05:13:10:655735
12.36999990,2016-7-13 05:14:10:727171
12.67000010,2016-7-13 06:13:15:990948
12.42000010,2016-7-13 06:13:52:737050
12.38000010,2016-7-13 06:14:52:827487
12.56000040,2016-7-13 06:15:52:740914
12.43000030,2016-7-13 06:16:51:943300
12.59000020,2016-7-13 07:15:49:006609
12.35000040,2016-7-13 07:16:28:108845
12.48999980,2016-7-13 07:17:28:126278
12.40999980,2016-7-13 07:18:28:064706
12.59000020,2016-7-13 07:19:28:020136
12.68000030,2016-7-13 08:18:09:640561
12.54,2016-7-13 08:18:49:461838
12.64000030,2016-7-13 08:19:49:668282
12.77000050,2016-7-13 08:20:49:389698
12.69999980,2016-7-13 08:21:49:611142
13.89000030,2016-7-13 09:20:29:877490
13.96,2016-7-13 09:21:09:150736
13.64000030,2016-7-13 09:22:09:080164
13.89000030,2016-7-13 09:23:09:118598
13.72999950,2016-7-13 09:24:09:165033
14.14999960,2016-7-13 10:22:51:072474
14.11999990,2016-7-13 10:23:27:753572
14.14000030,2016-7-13 10:24:27:692000
27.22999950,2016-7-13 10:25:27:817439
14.35999970,2016-7-13 10:26:26:905819
14.52000050,2016-7-13 11:25:08:436239
14.89000030,2016-7-13 11:25:44:959328
14.51000020,2016-7-13 11:26:44:972761
14.54,2016-7-13 11:27:44:886188
14.56000040,2016-7-13 11:28:45:395648
14.77000050,2016-7-13 12:27:22:328806
15.27999970,2016-7-13 12:28:02:435099
15.18000030,2016-7-13 12:29:02:506535
14.84000020,2016-7-13 12:30:02:531969
15.67000010,2016-7-13 12:31:02:429395
15.43000030,2016-7-13 13:29:43:008760
15.35999970,2016-7-13 13:32:59:947024
15.35000040,2016-7-13 13:33:19:171124
15.88000010,2016-7-13 14:32:04:645770
16.02000050,2016-7-13 14:32:37:585654
16.02000050,2016-7-13 14:33:37:538083
15.35999970,2016-7-13 15:34:15:132141
15.43000030,2016-7-13 15:34:55:054425
15.18999960,2016-7-13 15:35:55:076858
15.43000030,2016-7-13 15:36:55:131293
15.11999990,2016-7-13 15:37:55:070721
15.39000030,2016-7-13 16:36:52:472049
15.85000040,2016-7-13 16:37:28:411104
15.52999970,2016-7-13 16:38:28:315531
15.48999980,2016-7-13 16:39:28:536975
15.50,2016-7-13 16:40:27:834367
15.27000050,2016-7-13 17:39:32:192092
15.50,2016-7-13 17:40:12:345389
15.18000030,2016-7-13 17:41:12:194812
15.40999980,2016-7-13 17:42:12:630269
15.17000010,2016-7-13 17:43:12:476692
16.32999990,2016-7-13 18:42:21:118663
16.13999940,2016-7-13 18:42:56:849706
16.20000080,2016-7-13 18:43:56:856139
15.93000030,2016-7-13 18:44:56:757565
15.86999990,2016-7-13 18:45:55:995953
16.18000030,2016-7-13 19:45:05:413968
26.95000080,2016-7-13 19:45:40:253961
35.88999940,2016-7-13 19:46:40:349398
15.64999960,2016-7-13 19:47:40:106816
15.52999970,2016-7-13 19:48:40:200253
